fold,method,log_loss,brier_score,ece_10_bins,accuracy,macro_f1
0,raw,1.343848589747058,0.5302604534005038,0.31220403022670024,0.707808564231738,0.6426157616503901
0,sigmoid,0.971724960372069,0.3756041062391529,0.10167445916911871,0.7405541561712846,0.683116565104327
0,isotonic,1.2593877906765882,0.3833827641053555,0.07513845406812072,0.7355163727959698,0.6795191798819314
1,raw,1.3176902063913642,0.523144080604534,0.36646095717884136,0.7531486146095718,0.6806892782477559
1,sigmoid,0.9194481435533133,0.35101259820153596,0.11623043495854271,0.7682619647355163,0.711246464045384
1,isotonic,1.076949180298705,0.3469195725421674,0.0720872012065951,0.7707808564231738,0.7107313639803022
2,raw,1.327806448595748,0.5174151133501259,0.3529345088161209,0.7405541561712846,0.6536111130031454
2,sigmoid,0.9327204937063687,0.3573128608037373,0.10302002763520053,0.7581863979848866,0.7159948756012152
2,isotonic,1.3152247176199914,0.36822080885044345,0.05356899688649928,0.7581863979848866,0.7030986210250719
3,raw,1.4157779184040413,0.532855919395466,0.31866498740554156,0.7128463476070529,0.6346375420131242
3,sigmoid,0.9661090034245793,0.37486965894726987,0.10870005676369274,0.760705289672544,0.7164354603915442
3,isotonic,1.4696332550168238,0.38461827963496786,0.05199388466006437,0.7204030226700252,0.6536315349110678
4,raw,1.2828870403822734,0.5183243686868686,0.3701515151515152,0.7550505050505051,0.6770869114458683
4,sigmoid,0.8715260277980048,0.3451312627155578,0.09816735947389124,0.7676767676767676,0.7280163701481746
4,isotonic,1.0523323887063043,0.34902446931949704,0.06494692072124707,0.7626262626262627,0.7066319195390922
