test_row_index,nearest_train_row_index,cosine_similarity,above_0_9,true_category,predicted_category,nearest_train_category,correct
1300,1265,0.5047727048854473,False,DIGITAL-MEDIA,DIGITAL-MEDIA,DIGITAL-MEDIA,True
27,7,0.48391097997466465,False,HR,HR,HR,True
402,422,0.23916763164463567,False,TEACHER,TEACHER,TEACHER,True
1050,1453,0.3305631762131056,False,SALES,SALES,CHEF,True
1140,502,0.29979980985253657,False,CONSULTANT,CONSULTANT,ADVOCATE,True
359,374,0.7566735175886923,False,TEACHER,TEACHER,TEACHER,True
166,2008,0.3539606715211196,False,DESIGNER,DESIGNER,CONSTRUCTION,True
1480,1093,0.3681515919168406,False,FINANCE,FINANCE,SALES,True
2469,953,0.39114748262678195,False,AVIATION,AVIATION,AGRICULTURE,True
212,157,0.5041238493051448,False,DESIGNER,DESIGNER,DESIGNER,True
441,531,0.3977078380403851,False,ADVOCATE,ADVOCATE,ADVOCATE,True
245,293,0.3965799511633492,False,INFORMATION-TECHNOLOGY,INFORMATION-TECHNOLOGY,INFORMATION-TECHNOLOGY,True
286,326,0.3261365937169967,False,INFORMATION-TECHNOLOGY,INFORMATION-TECHNOLOGY,INFORMATION-TECHNOLOGY,True
2024,2005,0.35607352855239127,False,CONSTRUCTION,CONSTRUCTION,CONSTRUCTION,True
1325,1331,0.4742259168168544,False,AUTOMOBILE,AUTOMOBILE,AUTOMOBILE,True
1926,203,0.38441576980515924,False,CONSTRUCTION,CONSTRUCTION,DESIGNER,True
1715,1772,0.594069558054241,False,ENGINEERING,ENGINEERING,ENGINEERING,True
164,155,0.41890595285470744,False,DESIGNER,DESIGNER,DESIGNER,True
222,254,0.594226824179043,False,INFORMATION-TECHNOLOGY,INFORMATION-TECHNOLOGY,INFORMATION-TECHNOLOGY,True
1030,2359,0.2208464709037668,False,SALES,HEALTHCARE,ARTS,False
53,87,0.4973412107588846,False,HR,HR,HR,True
472,2281,0.6081539665541609,False,ADVOCATE,ADVOCATE,ARTS,True
1018,1943,0.6270493953720461,False,SALES,CONSTRUCTION,CONSTRUCTION,False
482,1811,0.3941960679402721,False,ADVOCATE,ADVOCATE,ACCOUNTANT,True
770,723,0.3419586230657079,False,HEALTHCARE,HEALTHCARE,HEALTHCARE,True
1236,134,0.3807204187663223,False,DIGITAL-MEDIA,DESIGNER,DESIGNER,False
828,795,0.364790028533354,False,FITNESS,FITNESS,FITNESS,True
1721,1725,0.3377473369716274,False,ENGINEERING,ENGINEERING,ENGINEERING,True
911,909,0.276213013420398,False,AGRICULTURE,BUSINESS-DEVELOPMENT,AGRICULTURE,False
92,101,0.5626522024385653,False,HR,HR,HR,True
2253,363,0.3982637572224564,False,BANKING,CONSULTANT,TEACHER,False
739,835,0.5366539547504531,False,HEALTHCARE,FITNESS,FITNESS,False
183,171,0.47395181619788485,False,DESIGNER,DESIGNER,DESIGNER,True
236,301,0.45981406163710353,False,INFORMATION-TECHNOLOGY,INFORMATION-TECHNOLOGY,INFORMATION-TECHNOLOGY,True
874,798,0.6574060586195537,False,FITNESS,FITNESS,FITNESS,True
2083,1897,0.3301461833550162,False,PUBLIC-RELATIONS,ACCOUNTANT,ACCOUNTANT,False
2139,2061,0.4245514613479054,False,PUBLIC-RELATIONS,PUBLIC-RELATIONS,PUBLIC-RELATIONS,True
1457,505,0.3950418907225857,False,CHEF,TEACHER,ADVOCATE,False
613,598,0.3756822656263336,False,BUSINESS-DEVELOPMENT,BUSINESS-DEVELOPMENT,BUSINESS-DEVELOPMENT,True
865,597,0.5031744610909442,False,FITNESS,FITNESS,BUSINESS-DEVELOPMENT,True
93,4,0.5136135319851576,False,HR,HR,HR,True
1532,1872,0.5201326053386328,False,FINANCE,ACCOUNTANT,ACCOUNTANT,False
1103,1601,0.7604854817504915,False,SALES,SALES,APPAREL,True
1430,1422,0.5731309698529814,False,CHEF,CHEF,CHEF,True
1936,1942,0.5545677732472393,False,CONSTRUCTION,CONSTRUCTION,CONSTRUCTION,True
1687,1314,0.47164221813971324,False,APPAREL,PUBLIC-RELATIONS,DIGITAL-MEDIA,False
1895,1854,0.3325801609397939,False,ACCOUNTANT,ACCOUNTANT,ACCOUNTANT,True
1477,1492,0.49985614584242716,False,FINANCE,FINANCE,FINANCE,True
1122,1551,0.28772557086782324,False,CONSULTANT,CONSULTANT,FINANCE,True
660,611,0.3914796465119154,False,BUSINESS-DEVELOPMENT,BUSINESS-DEVELOPMENT,BUSINESS-DEVELOPMENT,True
450,495,0.31074510450374676,False,ADVOCATE,ADVOCATE,ADVOCATE,True
783,791,0.7599232593130241,False,HEALTHCARE,HEALTHCARE,HEALTHCARE,True
1845,1493,0.5663316868221256,False,ACCOUNTANT,ACCOUNTANT,FINANCE,True
927,1051,0.32881954225844323,False,AGRICULTURE,ARTS,SALES,False
882,920,0.4608869693221904,False,FITNESS,FITNESS,AGRICULTURE,True
2308,1006,0.4100834261107737,False,ARTS,CONSULTANT,SALES,False
944,782,0.3257490918923168,False,AGRICULTURE,SALES,HEALTHCARE,False
2085,2101,0.5731085232514942,False,PUBLIC-RELATIONS,PUBLIC-RELATIONS,PUBLIC-RELATIONS,True
1965,1084,0.4185301176870516,False,CONSTRUCTION,CONSTRUCTION,SALES,True
2210,488,0.41682046478995965,False,BANKING,BANKING,ADVOCATE,True
1269,1245,0.1944086251495645,False,DIGITAL-MEDIA,DIGITAL-MEDIA,DIGITAL-MEDIA,True
2122,2048,0.4220402042371606,False,PUBLIC-RELATIONS,PUBLIC-RELATIONS,PUBLIC-RELATIONS,True
537,718,0.5981745433564231,False,ADVOCATE,HEALTHCARE,HEALTHCARE,False
2173,2159,0.41060246238592574,False,BANKING,BANKING,BANKING,True
1400,1403,0.47132257462561594,False,CHEF,CHEF,CHEF,True
398,405,0.2832191711800608,False,TEACHER,TEACHER,TEACHER,True
650,2172,0.3109449116897905,False,BUSINESS-DEVELOPMENT,FINANCE,BANKING,False
1799,1789,0.38844757806498525,False,ENGINEERING,ENGINEERING,ENGINEERING,True
2329,2128,0.4713910240866807,False,ARTS,PUBLIC-RELATIONS,PUBLIC-RELATIONS,False
1768,1722,0.3330143026086121,False,ENGINEERING,ENGINEERING,ENGINEERING,True
1794,1695,0.49164403501741266,False,ENGINEERING,ENGINEERING,ENGINEERING,True
1660,1467,0.45811091272725324,False,APPAREL,APPAREL,CHEF,True
658,557,0.40874678715808616,False,BUSINESS-DEVELOPMENT,BUSINESS-DEVELOPMENT,BUSINESS-DEVELOPMENT,True
1565,867,0.29099813519584666,False,FINANCE,FINANCE,FITNESS,True
785,744,0.506406319466397,False,HEALTHCARE,HEALTHCARE,HEALTHCARE,True
1774,982,0.3992909275902639,False,ENGINEERING,INFORMATION-TECHNOLOGY,BPO,False
1633,1730,0.4184072017702214,False,APPAREL,SALES,ENGINEERING,False
269,270,0.332234535988219,False,INFORMATION-TECHNOLOGY,INFORMATION-TECHNOLOGY,INFORMATION-TECHNOLOGY,True
1810,1839,0.9026083919279387,True,ACCOUNTANT,ACCOUNTANT,ACCOUNTANT,True
1003,775,0.47676484004725217,False,SALES,SALES,HEALTHCARE,True
669,571,0.2678014290532796,False,BUSINESS-DEVELOPMENT,BUSINESS-DEVELOPMENT,BUSINESS-DEVELOPMENT,True
117,938,0.2580787873847886,False,DESIGNER,DESIGNER,AGRICULTURE,True
1960,1725,0.4008939583890202,False,CONSTRUCTION,CONSTRUCTION,ENGINEERING,True
2180,2449,0.3320438064742172,False,BANKING,BANKING,AVIATION,True
78,106,0.5270994331815498,False,HR,HR,HR,True
62,87,0.43924538803921237,False,HR,HR,HR,True
1152,1187,0.5546288471360729,False,CONSULTANT,INFORMATION-TECHNOLOGY,CONSULTANT,False
1822,1193,0.3273092138053367,False,ACCOUNTANT,ACCOUNTANT,CONSULTANT,True
1676,850,0.4623771741989016,False,APPAREL,FITNESS,FITNESS,False
891,2128,0.3192811473002214,False,FITNESS,FITNESS,PUBLIC-RELATIONS,True
277,278,0.5091903312853724,False,INFORMATION-TECHNOLOGY,INFORMATION-TECHNOLOGY,INFORMATION-TECHNOLOGY,True
1261,1254,0.4435199633464912,False,DIGITAL-MEDIA,DIGITAL-MEDIA,DIGITAL-MEDIA,True
622,597,0.5014562297365073,False,BUSINESS-DEVELOPMENT,BUSINESS-DEVELOPMENT,BUSINESS-DEVELOPMENT,True
6,85,0.5261042235927583,False,HR,HR,HR,True
1230,553,0.4480168202913286,False,DIGITAL-MEDIA,DIGITAL-MEDIA,ADVOCATE,True
606,592,0.33067233351553643,False,BUSINESS-DEVELOPMENT,BUSINESS-DEVELOPMENT,BUSINESS-DEVELOPMENT,True
2049,2048,0.46551994856024514,False,PUBLIC-RELATIONS,PUBLIC-RELATIONS,PUBLIC-RELATIONS,True
1311,2066,0.36251195671548037,False,DIGITAL-MEDIA,DIGITAL-MEDIA,PUBLIC-RELATIONS,True
1366,1376,0.5693590863076242,False,CHEF,CHEF,CHEF,True
2111,831,0.5177898208374951,False,PUBLIC-RELATIONS,CHEF,FITNESS,False
1321,1086,0.44664010666412624,False,AUTOMOBILE,AVIATION,SALES,False
435,2281,0.4428301172029395,False,TEACHER,TEACHER,ARTS,True
1074,365,0.5893258902637812,False,SALES,SALES,TEACHER,True
1917,1889,0.4761353864687072,False,ACCOUNTANT,ACCOUNTANT,ACCOUNTANT,True
2271,374,0.5395279393845426,False,ARTS,TEACHER,TEACHER,False
762,745,0.5674974309040239,False,HEALTHCARE,HEALTHCARE,HEALTHCARE,True
1041,1094,0.4051378241896254,False,SALES,SALES,SALES,True
1625,642,0.33480314502219566,False,APPAREL,BUSINESS-DEVELOPMENT,BUSINESS-DEVELOPMENT,False
105,55,0.48791891273935917,False,HR,HR,HR,True
1066,1376,0.4897479073714638,False,SALES,CHEF,CHEF,False
141,150,0.4955492794328878,False,DESIGNER,DESIGNER,DESIGNER,True
1798,425,0.32973631848559914,False,ENGINEERING,TEACHER,TEACHER,False
529,495,0.3359116382497424,False,ADVOCATE,CHEF,ADVOCATE,False
654,2366,0.4799896338704801,False,BUSINESS-DEVELOPMENT,BUSINESS-DEVELOPMENT,ARTS,True
510,731,0.4354573532749782,False,ADVOCATE,ADVOCATE,HEALTHCARE,True
1911,1889,0.43662294264104284,False,ACCOUNTANT,ACCOUNTANT,ACCOUNTANT,True
201,2067,0.5111024018415131,False,DESIGNER,DESIGNER,PUBLIC-RELATIONS,True
516,507,0.4950617445969952,False,ADVOCATE,ADVOCATE,ADVOCATE,True
1994,1084,0.32443289220213234,False,CONSTRUCTION,CONSTRUCTION,SALES,True
1224,1314,0.5444102698489177,False,CONSULTANT,PUBLIC-RELATIONS,DIGITAL-MEDIA,False
1064,611,0.3682952829395257,False,SALES,SALES,BUSINESS-DEVELOPMENT,True
409,2276,0.40315902519370966,False,TEACHER,TEACHER,ARTS,True
1479,1561,0.3777074172401432,False,FINANCE,FINANCE,FINANCE,True
1371,1431,0.5542662276809143,False,CHEF,CHEF,CHEF,True
579,737,0.42620696865214175,False,BUSINESS-DEVELOPMENT,BUSINESS-DEVELOPMENT,HEALTHCARE,True
821,1059,0.47165337627340986,False,FITNESS,FITNESS,SALES,True
2137,802,0.2629808169709995,False,PUBLIC-RELATIONS,PUBLIC-RELATIONS,FITNESS,True
1681,167,0.6123253193109364,False,APPAREL,APPAREL,DESIGNER,True
30,58,0.5027660205755783,False,HR,HR,HR,True
1191,731,0.35734463108637915,False,CONSULTANT,HEALTHCARE,HEALTHCARE,False
1014,867,0.3684562783305624,False,SALES,SALES,FITNESS,True
714,938,0.35209400560430404,False,HEALTHCARE,HEALTHCARE,AGRICULTURE,True
1787,1713,0.3987821786152802,False,ENGINEERING,ENGINEERING,ENGINEERING,True
1199,592,0.31937411623496537,False,CONSULTANT,PUBLIC-RELATIONS,BUSINESS-DEVELOPMENT,False
1837,1923,0.43683785981142587,False,ACCOUNTANT,ACCOUNTANT,ACCOUNTANT,True
1630,118,0.4448161157070441,False,APPAREL,DESIGNER,DESIGNER,False
218,234,0.4383460523473233,False,INFORMATION-TECHNOLOGY,INFORMATION-TECHNOLOGY,INFORMATION-TECHNOLOGY,True
2424,1788,0.2836831663363549,False,AVIATION,AVIATION,ENGINEERING,True
2186,2213,0.3367768764489374,False,BANKING,BANKING,BANKING,True
1987,2031,0.48961684641426695,False,CONSTRUCTION,CONSTRUCTION,CONSTRUCTION,True
1000,1616,0.6897121703602552,False,SALES,SALES,APPAREL,True
1867,1193,0.36860209473071154,False,ACCOUNTANT,ACCOUNTANT,CONSULTANT,True
2033,495,0.24730510120027388,False,CONSTRUCTION,CONSTRUCTION,ADVOCATE,True
859,856,0.29739028786364957,False,FITNESS,FITNESS,FITNESS,True
697,532,0.33304943349708366,False,HEALTHCARE,HEALTHCARE,ADVOCATE,True
2000,2009,0.5374669986967825,False,CONSTRUCTION,CONSTRUCTION,CONSTRUCTION,True
333,1153,0.4848513802865081,False,INFORMATION-TECHNOLOGY,INFORMATION-TECHNOLOGY,CONSULTANT,True
1672,1093,0.36524979394629964,False,APPAREL,APPAREL,SALES,True
2387,42,0.2376204104124317,False,AVIATION,AVIATION,HR,True
36,58,0.5230198166405253,False,HR,HR,HR,True
1156,1493,0.5162453498496901,False,CONSULTANT,ACCOUNTANT,FINANCE,False
1674,2101,0.6252619859881506,False,APPAREL,PUBLIC-RELATIONS,PUBLIC-RELATIONS,False
1250,645,0.4472833998568759,False,DIGITAL-MEDIA,DIGITAL-MEDIA,BUSINESS-DEVELOPMENT,True
2046,2048,0.49171849691626635,False,PUBLIC-RELATIONS,PUBLIC-RELATIONS,PUBLIC-RELATIONS,True
2320,642,0.2876724133403695,False,ARTS,TEACHER,BUSINESS-DEVELOPMENT,False
972,1075,0.37033929250625003,False,BPO,SALES,SALES,False
1381,1422,0.5376189869896739,False,CHEF,CHEF,CHEF,True
48,42,0.44164981074748966,False,HR,HR,HR,True
1524,1873,0.5960744891560161,False,FINANCE,ACCOUNTANT,ACCOUNTANT,False
2181,1023,0.37089674584340054,False,BANKING,FITNESS,SALES,False
1703,1803,0.43507375144123583,False,ENGINEERING,ENGINEERING,ENGINEERING,True
251,1187,0.5346575268774305,False,INFORMATION-TECHNOLOGY,INFORMATION-TECHNOLOGY,CONSULTANT,True
1025,553,0.34910234883855196,False,SALES,SALES,ADVOCATE,True
2074,2098,0.32709875714177244,False,PUBLIC-RELATIONS,PUBLIC-RELATIONS,PUBLIC-RELATIONS,True
1004,1005,0.9978793388275726,True,SALES,SALES,SALES,True
1510,1912,0.38808680787972855,False,FINANCE,FINANCE,ACCOUNTANT,True
2430,732,0.35810875106918016,False,AVIATION,AVIATION,HEALTHCARE,True
1516,1819,0.43875908236895417,False,FINANCE,FINANCE,ACCOUNTANT,True
1277,1315,0.4571246513915106,False,DIGITAL-MEDIA,PUBLIC-RELATIONS,DIGITAL-MEDIA,False
324,224,0.5984945711197688,False,INFORMATION-TECHNOLOGY,INFORMATION-TECHNOLOGY,INFORMATION-TECHNOLOGY,True
1395,1048,0.3472917253807854,False,CHEF,CHEF,SALES,True
885,1222,0.368007722259179,False,FITNESS,FITNESS,CONSULTANT,True
317,259,0.47264540238169417,False,INFORMATION-TECHNOLOGY,INFORMATION-TECHNOLOGY,INFORMATION-TECHNOLOGY,True
1871,1999,0.30062457649997776,False,ACCOUNTANT,ACCOUNTANT,CONSTRUCTION,True
2351,2281,0.4038291476038211,False,ARTS,ARTS,ARTS,True
1628,113,0.4920590325996623,False,APPAREL,DESIGNER,DESIGNER,False
275,300,0.35032176679102334,False,INFORMATION-TECHNOLOGY,INFORMATION-TECHNOLOGY,INFORMATION-TECHNOLOGY,True
2035,2005,0.4588553026775992,False,CONSTRUCTION,CONSTRUCTION,CONSTRUCTION,True
870,400,0.549695170980072,False,FITNESS,TEACHER,TEACHER,False
862,793,0.6324753700643159,False,FITNESS,FITNESS,FITNESS,True
433,2072,0.32464171604214215,False,TEACHER,TEACHER,PUBLIC-RELATIONS,True
1760,2116,0.2626274965268127,False,ENGINEERING,ENGINEERING,PUBLIC-RELATIONS,True
1264,1790,0.3281470751886779,False,DIGITAL-MEDIA,CONSULTANT,ENGINEERING,False
2018,2007,0.4800730334693631,False,CONSTRUCTION,CONSTRUCTION,CONSTRUCTION,True
765,761,0.5085545983596478,False,HEALTHCARE,HEALTHCARE,HEALTHCARE,True
1860,1193,0.551079954556108,False,ACCOUNTANT,ACCOUNTANT,CONSULTANT,True
1882,1893,0.4314017875023472,False,ACCOUNTANT,ACCOUNTANT,ACCOUNTANT,True
937,2064,0.31326269933839906,False,AGRICULTURE,PUBLIC-RELATIONS,PUBLIC-RELATIONS,False
411,430,0.39894159087198094,False,TEACHER,TEACHER,TEACHER,True
1907,1892,0.5874536843221744,False,ACCOUNTANT,ACCOUNTANT,ACCOUNTANT,True
1463,775,0.49920382617125364,False,CHEF,SALES,HEALTHCARE,False
1234,982,0.5421596447648579,False,DIGITAL-MEDIA,INFORMATION-TECHNOLOGY,BPO,False
753,744,0.370060709186026,False,HEALTHCARE,HEALTHCARE,HEALTHCARE,True
570,558,0.45579301187403803,False,BUSINESS-DEVELOPMENT,BUSINESS-DEVELOPMENT,BUSINESS-DEVELOPMENT,True
2001,1993,0.4590768616776427,False,CONSTRUCTION,CONSTRUCTION,CONSTRUCTION,True
75,31,0.6788306311560148,False,HR,HR,HR,True
2278,2276,0.5515119002586573,False,ARTS,TEACHER,ARTS,False
176,199,0.5390635555132423,False,DESIGNER,DESIGNER,DESIGNER,True
294,293,0.4434640329237716,False,INFORMATION-TECHNOLOGY,INFORMATION-TECHNOLOGY,INFORMATION-TECHNOLOGY,True
2440,1607,0.4190649218934828,False,AVIATION,AVIATION,APPAREL,True
1775,1725,0.39126284421459645,False,ENGINEERING,ENGINEERING,ENGINEERING,True
2192,513,0.39548921306389867,False,BANKING,BANKING,ADVOCATE,True
2136,2101,0.5175855631521846,False,PUBLIC-RELATIONS,PUBLIC-RELATIONS,PUBLIC-RELATIONS,True
993,750,0.6487158131025301,False,BPO,HEALTHCARE,HEALTHCARE,False
84,2330,0.43491044757897696,False,HR,HR,ARTS,True
1529,1872,0.46683314909765494,False,FINANCE,ACCOUNTANT,ACCOUNTANT,False
1829,1493,0.5453789530480045,False,ACCOUNTANT,ACCOUNTANT,FINANCE,True
116,2242,0.4571658263922218,False,DESIGNER,DESIGNER,BANKING,True
1714,1161,0.3707983002966615,False,ENGINEERING,ENGINEERING,CONSULTANT,True
1071,737,0.4655658247892673,False,SALES,FITNESS,HEALTHCARE,False
1712,2190,0.5880743478757403,False,ENGINEERING,ENGINEERING,BANKING,True
511,750,0.4514984098860783,False,ADVOCATE,ADVOCATE,HEALTHCARE,True
1446,696,0.7890487990403701,False,CHEF,HEALTHCARE,HEALTHCARE,False
2023,1969,0.605814006814574,False,CONSTRUCTION,CONSTRUCTION,CONSTRUCTION,True
2299,2281,0.5400911609522158,False,ARTS,TEACHER,ARTS,False
889,886,0.30647027242211133,False,FITNESS,SALES,FITNESS,False
1221,782,0.30581188216009814,False,CONSULTANT,CONSULTANT,HEALTHCARE,True
678,973,0.348948294174027,False,HEALTHCARE,HEALTHCARE,BPO,True
60,68,0.5614832836270868,False,HR,HR,HR,True
206,2313,0.3219354531009104,False,DESIGNER,DESIGNER,ARTS,True
708,989,0.32951200489324817,False,HEALTHCARE,FINANCE,BPO,False
2270,2359,0.303024915279627,False,ARTS,ARTS,ARTS,True
1008,2369,0.2545761684945229,False,SALES,SALES,AVIATION,True
330,234,0.41267543769760556,False,INFORMATION-TECHNOLOGY,INFORMATION-TECHNOLOGY,INFORMATION-TECHNOLOGY,True
1320,1304,0.4097392977945023,False,DIGITAL-MEDIA,DIGITAL-MEDIA,DIGITAL-MEDIA,True
620,564,0.37631111734701994,False,BUSINESS-DEVELOPMENT,BUSINESS-DEVELOPMENT,BUSINESS-DEVELOPMENT,True
34,2330,0.4364366209304413,False,HR,HR,ARTS,True
228,302,0.39134404445209436,False,INFORMATION-TECHNOLOGY,INFORMATION-TECHNOLOGY,INFORMATION-TECHNOLOGY,True
1706,1772,0.47891782791844517,False,ENGINEERING,ENGINEERING,ENGINEERING,True
327,2399,0.5235753724469939,False,INFORMATION-TECHNOLOGY,INFORMATION-TECHNOLOGY,AVIATION,True
1985,180,0.2911107003237495,False,CONSTRUCTION,CONSTRUCTION,DESIGNER,True
2475,1967,0.35693164678010875,False,AVIATION,AVIATION,CONSTRUCTION,True
586,664,0.39463833091906425,False,BUSINESS-DEVELOPMENT,BUSINESS-DEVELOPMENT,BUSINESS-DEVELOPMENT,True
995,1097,0.3695325412834148,False,SALES,SALES,SALES,True
1582,1512,0.4096169875342658,False,FINANCE,FINANCE,FINANCE,True
143,203,0.5257347273586844,False,DESIGNER,DESIGNER,DESIGNER,True
1132,2134,0.33921808173344503,False,CONSULTANT,CONSULTANT,PUBLIC-RELATIONS,True
2456,2420,0.22192044278605388,False,AVIATION,FITNESS,AVIATION,False
362,2281,0.45254708039783526,False,TEACHER,TEACHER,ARTS,True
984,1154,0.2641870216754275,False,BPO,FINANCE,CONSULTANT,False
372,1183,0.4286932217728167,False,TEACHER,TEACHER,CONSULTANT,True
2328,980,0.7433671243732652,False,ARTS,INFORMATION-TECHNOLOGY,BPO,False
1070,501,0.4502012650786641,False,SALES,SALES,ADVOCATE,True
2003,2166,0.45807097852710593,False,CONSTRUCTION,BANKING,BANKING,False
96,1270,0.38869358789099556,False,HR,HR,DIGITAL-MEDIA,True
1610,481,0.4382068700641616,False,APPAREL,SALES,ADVOCATE,False
192,157,0.638915210308674,False,DESIGNER,DESIGNER,DESIGNER,True
956,932,0.33952528556185196,False,AGRICULTURE,ENGINEERING,AGRICULTURE,False
2205,2255,0.3596120225234315,False,BANKING,BANKING,BANKING,True
1801,1772,0.4306412673513416,False,ENGINEERING,ENGINEERING,ENGINEERING,True
1423,1469,0.5936847794451995,False,CHEF,CHEF,CHEF,True
924,1693,0.22973848673862218,False,AGRICULTURE,CONSTRUCTION,ENGINEERING,False
471,1161,0.42984589195571304,False,ADVOCATE,INFORMATION-TECHNOLOGY,CONSULTANT,False
1606,7,0.4370600634119714,False,APPAREL,HR,HR,False
1310,1112,0.348094407504031,False,DIGITAL-MEDIA,DIGITAL-MEDIA,CONSULTANT,True
404,353,0.4413941969631135,False,TEACHER,TEACHER,TEACHER,True
2130,87,0.4298648158474581,False,PUBLIC-RELATIONS,HR,HR,False
687,731,0.4663738449326369,False,HEALTHCARE,HEALTHCARE,HEALTHCARE,True
813,857,0.48865795100437764,False,FITNESS,FITNESS,FITNESS,True
1085,481,0.3433113448097657,False,SALES,SALES,ADVOCATE,True
1934,1973,0.4264466792130384,False,CONSTRUCTION,CONSTRUCTION,CONSTRUCTION,True
1828,1872,0.5276802205209642,False,ACCOUNTANT,ACCOUNTANT,ACCOUNTANT,True
784,1639,0.3192820200028464,False,HEALTHCARE,ARTS,APPAREL,False
2321,902,0.3486854052403984,False,ARTS,AVIATION,FITNESS,False
635,1044,0.44541936639912394,False,BUSINESS-DEVELOPMENT,ACCOUNTANT,SALES,False
934,921,0.31134526768929405,False,AGRICULTURE,AGRICULTURE,AGRICULTURE,True
2467,2398,0.37011416905328937,False,AVIATION,AVIATION,AVIATION,True
1959,1982,0.5913385871987322,False,CONSTRUCTION,CONSTRUCTION,CONSTRUCTION,True
2109,2142,0.3874138586604601,False,PUBLIC-RELATIONS,PUBLIC-RELATIONS,PUBLIC-RELATIONS,True
1592,447,0.34482737435095295,False,FINANCE,FINANCE,ADVOCATE,True
1471,434,0.43906491116813834,False,CHEF,TEACHER,TEACHER,False
2042,2101,0.46799044986246513,False,PUBLIC-RELATIONS,PUBLIC-RELATIONS,PUBLIC-RELATIONS,True
1879,572,0.48037116959083687,False,ACCOUNTANT,SALES,BUSINESS-DEVELOPMENT,False
2223,2165,0.2816438219627976,False,BANKING,PUBLIC-RELATIONS,BANKING,False
1975,2007,0.27161481060249587,False,CONSTRUCTION,CONSTRUCTION,CONSTRUCTION,True
1459,1048,0.3819945817739021,False,CHEF,SALES,SALES,False
1562,1496,0.43947288622282626,False,FINANCE,FINANCE,FINANCE,True
2206,2183,0.3277846446243205,False,BANKING,BANKING,BANKING,True
1146,2077,0.23641801110178998,False,CONSULTANT,PUBLIC-RELATIONS,PUBLIC-RELATIONS,False
917,960,0.30090157481193414,False,AGRICULTURE,AGRICULTURE,AGRICULTURE,True
473,1005,0.3142923275111615,False,ADVOCATE,ADVOCATE,SALES,True
561,815,0.41624583543557514,False,BUSINESS-DEVELOPMENT,BUSINESS-DEVELOPMENT,FITNESS,True
1011,621,0.4488192333283798,False,SALES,SALES,BUSINESS-DEVELOPMENT,True
112,215,0.2081948845242839,False,DESIGNER,DESIGNER,DESIGNER,True
342,2281,0.5162696057658837,False,TEACHER,TEACHER,ARTS,True
73,104,0.4309819588685557,False,HR,HR,HR,True
1384,1397,0.7906655308541215,False,CHEF,CHEF,CHEF,True
1114,1157,0.5103490994820089,False,CONSULTANT,CONSULTANT,CONSULTANT,True
1584,1884,0.3830401168506569,False,FINANCE,ACCOUNTANT,ACCOUNTANT,False
2326,355,0.3465945116884142,False,ARTS,ARTS,TEACHER,True
1580,1923,0.5229883430349798,False,FINANCE,ACCOUNTANT,ACCOUNTANT,False
2455,675,0.37473612816887314,False,AVIATION,AVIATION,BUSINESS-DEVELOPMENT,True
421,374,0.3009839891829128,False,TEACHER,TEACHER,TEACHER,True
975,989,0.29028471858195726,False,BPO,CONSULTANT,BPO,False
253,234,0.43753404090963743,False,INFORMATION-TECHNOLOGY,INFORMATION-TECHNOLOGY,INFORMATION-TECHNOLOGY,True
2193,513,0.36492203727791095,False,BANKING,ACCOUNTANT,ADVOCATE,False
350,367,0.5913329081371377,False,TEACHER,TEACHER,TEACHER,True
2376,2389,0.4913393037766812,False,AVIATION,AVIATION,AVIATION,True
503,495,0.3621575682484524,False,ADVOCATE,ADVOCATE,ADVOCATE,True
2144,1058,0.30348130530220996,False,PUBLIC-RELATIONS,PUBLIC-RELATIONS,SALES,True
197,114,0.5628796977031318,False,DESIGNER,DESIGNER,DESIGNER,True
1181,1268,0.3259373428224092,False,CONSULTANT,DIGITAL-MEDIA,DIGITAL-MEDIA,False
439,363,0.24983108698236775,False,ADVOCATE,ADVOCATE,TEACHER,True
641,592,0.4644708401485991,False,BUSINESS-DEVELOPMENT,BUSINESS-DEVELOPMENT,BUSINESS-DEVELOPMENT,True
1557,2221,0.4678690090231787,False,FINANCE,FINANCE,BANKING,True
1640,557,0.4670922919799368,False,APPAREL,BUSINESS-DEVELOPMENT,BUSINESS-DEVELOPMENT,False
1171,1790,0.32510556871240825,False,CONSULTANT,CONSULTANT,ENGINEERING,True
1442,1433,0.8173376282052324,False,CHEF,CHEF,CHEF,True
1324,981,0.32848276365614015,False,AUTOMOBILE,ADVOCATE,BPO,False
285,234,0.40272532387722365,False,INFORMATION-TECHNOLOGY,INFORMATION-TECHNOLOGY,INFORMATION-TECHNOLOGY,True
1809,1850,0.4074638123936948,False,ACCOUNTANT,ACCOUNTANT,ACCOUNTANT,True
1736,1780,0.44581253400018095,False,ENGINEERING,ENGINEERING,ENGINEERING,True
1483,1872,0.5081407109401751,False,FINANCE,ACCOUNTANT,ACCOUNTANT,False
119,156,0.33485080080794827,False,DESIGNER,DESIGNER,DESIGNER,True
1627,1719,0.3556860108056547,False,APPAREL,APPAREL,ENGINEERING,True
1894,1897,0.43938403784680613,False,ACCOUNTANT,ACCOUNTANT,ACCOUNTANT,True
1255,1219,0.51597814213309,False,DIGITAL-MEDIA,DIGITAL-MEDIA,CONSULTANT,True
2471,1995,0.31550004081364036,False,AVIATION,AVIATION,CONSTRUCTION,True
57,24,0.524333459753968,False,HR,HR,HR,True
3,440,0.3408501485758645,False,HR,HR,ADVOCATE,True
1494,1487,0.4669691099185582,False,FINANCE,FINANCE,FINANCE,True
1121,867,0.5054412430451859,False,CONSULTANT,CONSULTANT,FITNESS,True
541,67,0.3696487974383288,False,ADVOCATE,HR,HR,False
2115,2101,0.5190972320983933,False,PUBLIC-RELATIONS,PUBLIC-RELATIONS,PUBLIC-RELATIONS,True
694,894,0.33569380464370163,False,HEALTHCARE,HEALTHCARE,FITNESS,True
2277,2281,0.5080990498733153,False,ARTS,TEACHER,ARTS,False
808,793,0.3911536894936592,False,FITNESS,FITNESS,FITNESS,True
758,87,0.5721466691936425,False,HEALTHCARE,HR,HR,False
1573,1493,0.5501405722964299,False,FINANCE,FINANCE,FINANCE,True
1373,1397,0.7340419791336503,False,CHEF,CHEF,CHEF,True
1910,1830,0.5989111964742624,False,ACCOUNTANT,ACCOUNTANT,ACCOUNTANT,True
887,1067,0.40823087668530383,False,FITNESS,PUBLIC-RELATIONS,SALES,False
603,2134,0.41297762457276693,False,BUSINESS-DEVELOPMENT,BUSINESS-DEVELOPMENT,PUBLIC-RELATIONS,True
724,745,0.4965329516887034,False,HEALTHCARE,HEALTHCARE,HEALTHCARE,True
1646,1950,0.5018504583168971,False,APPAREL,APPAREL,CONSTRUCTION,True
2261,1872,0.5050686388644032,False,BANKING,ACCOUNTANT,ACCOUNTANT,False
748,258,0.4229624983116858,False,HEALTHCARE,INFORMATION-TECHNOLOGY,INFORMATION-TECHNOLOGY,False
2154,2239,0.4259355505155431,False,BANKING,BANKING,BANKING,True
2373,780,0.4042186242313943,False,AVIATION,HR,HEALTHCARE,False
896,798,0.4863240978493301,False,FITNESS,FITNESS,FITNESS,True
479,487,0.34833810083732375,False,ADVOCATE,ADVOCATE,ADVOCATE,True
721,449,0.47409797667273956,False,HEALTHCARE,HEALTHCARE,ADVOCATE,True
607,1314,0.4081786465734187,False,BUSINESS-DEVELOPMENT,BUSINESS-DEVELOPMENT,DIGITAL-MEDIA,True
1394,2217,0.28650207733041905,False,CHEF,FINANCE,BANKING,False
1831,1872,0.6005562874988905,False,ACCOUNTANT,ACCOUNTANT,ACCOUNTANT,True
485,981,0.3603807933363428,False,ADVOCATE,ADVOCATE,BPO,True
249,266,0.3846579095328854,False,INFORMATION-TECHNOLOGY,INFORMATION-TECHNOLOGY,INFORMATION-TECHNOLOGY,True
1445,1437,0.41288818775925284,False,CHEF,CHEF,CHEF,True
659,1254,0.43169634238040355,False,BUSINESS-DEVELOPMENT,BUSINESS-DEVELOPMENT,DIGITAL-MEDIA,True
2439,1793,0.37348240813387135,False,AVIATION,AVIATION,ENGINEERING,True
2228,2178,0.42390124501622006,False,BANKING,BANKING,BANKING,True
2395,120,0.32070804701412026,False,AVIATION,ENGINEERING,DESIGNER,False
1185,1899,0.5921879311324205,False,CONSULTANT,ACCOUNTANT,ACCOUNTANT,False
2434,964,0.2665077263728519,False,AVIATION,AVIATION,AGRICULTURE,True
338,429,0.4901555262070055,False,TEACHER,TEACHER,TEACHER,True
1249,1315,0.5271571331820778,False,DIGITAL-MEDIA,DIGITAL-MEDIA,DIGITAL-MEDIA,True
1216,1144,0.38533465077501533,False,CONSULTANT,CONSULTANT,CONSULTANT,True
764,1298,0.38736403322313,False,HEALTHCARE,DIGITAL-MEDIA,DIGITAL-MEDIA,False
2279,2273,0.5699197074399972,False,ARTS,TEACHER,ARTS,False
1057,1601,0.6965610992740174,False,SALES,SALES,APPAREL,True
1339,1762,0.3534048560199174,False,AUTOMOBILE,ENGINEERING,ENGINEERING,False
2167,1467,0.3362274121834922,False,BANKING,BANKING,CHEF,True
2349,2336,0.2609062752455874,False,ARTS,ARTS,ARTS,True
1333,1662,0.3459587751457023,False,AUTOMOBILE,ARTS,APPAREL,False
1155,592,0.39814964317888873,False,CONSULTANT,SALES,BUSINESS-DEVELOPMENT,False
445,1351,0.38208751975599453,False,ADVOCATE,ADVOCATE,AUTOMOBILE,True
2415,2221,0.4402999545671841,False,AVIATION,FINANCE,BANKING,False
466,458,0.31672729572731634,False,ADVOCATE,ADVOCATE,ADVOCATE,True
638,1154,0.3436714913890615,False,BUSINESS-DEVELOPMENT,BUSINESS-DEVELOPMENT,CONSULTANT,True
2209,1825,0.42242205879793804,False,BANKING,FINANCE,ACCOUNTANT,False
2,4,0.44847507234502254,False,HR,HR,HR,True
594,731,0.38473184711146285,False,BUSINESS-DEVELOPMENT,BUSINESS-DEVELOPMENT,HEALTHCARE,True
1198,634,0.31716557910969645,False,CONSULTANT,CONSULTANT,BUSINESS-DEVELOPMENT,True
1309,1268,0.42920928772899697,False,DIGITAL-MEDIA,DIGITAL-MEDIA,DIGITAL-MEDIA,True
2103,1084,0.3284407784069898,False,PUBLIC-RELATIONS,PUBLIC-RELATIONS,SALES,True
1778,1153,0.48240914424339504,False,ENGINEERING,INFORMATION-TECHNOLOGY,CONSULTANT,False
1617,484,0.3211166028968465,False,APPAREL,APPAREL,ADVOCATE,True
2356,1811,0.533970233827805,False,ARTS,HEALTHCARE,ACCOUNTANT,False
214,1306,0.4302375085367402,False,DESIGNER,DESIGNER,DIGITAL-MEDIA,True
2472,2408,0.3134658967189479,False,AVIATION,AVIATION,AVIATION,True
1078,501,0.4581066709911717,False,SALES,BUSINESS-DEVELOPMENT,ADVOCATE,False
486,2142,0.30262699462829745,False,ADVOCATE,ADVOCATE,PUBLIC-RELATIONS,True
475,444,0.4853956509766204,False,ADVOCATE,ADVOCATE,ADVOCATE,True
289,281,0.3824014916015603,False,INFORMATION-TECHNOLOGY,INFORMATION-TECHNOLOGY,INFORMATION-TECHNOLOGY,True
1915,1872,0.5953343968164115,False,ACCOUNTANT,ACCOUNTANT,ACCOUNTANT,True
391,396,0.5931291819477246,False,TEACHER,TEACHER,TEACHER,True
1525,1830,0.5296320873431473,False,FINANCE,ACCOUNTANT,ACCOUNTANT,False
1947,1944,0.24687919723401197,False,CONSTRUCTION,CONSTRUCTION,CONSTRUCTION,True
388,2318,0.5270386294188557,False,TEACHER,TEACHER,ARTS,True
2283,355,0.5823701800377844,False,ARTS,TEACHER,TEACHER,False
1585,1515,0.5445066150565528,False,FINANCE,ACCOUNTANT,FINANCE,False
403,742,0.2746334920665251,False,TEACHER,TEACHER,HEALTHCARE,True
1771,278,0.361877229870396,False,ENGINEERING,ENGINEERING,INFORMATION-TECHNOLOGY,True
861,1017,0.2759966039988895,False,FITNESS,FITNESS,SALES,True
573,597,0.4844987741092373,False,BUSINESS-DEVELOPMENT,BUSINESS-DEVELOPMENT,BUSINESS-DEVELOPMENT,True
2448,746,0.2261076313702323,False,AVIATION,AVIATION,HEALTHCARE,True
526,791,0.5640679413357865,False,ADVOCATE,ADVOCATE,HEALTHCARE,True
19,65,0.9620376791600915,True,HR,HR,HR,True
851,829,0.32159041202834815,False,FITNESS,FITNESS,FITNESS,True
969,902,0.3104843564614225,False,AGRICULTURE,ADVOCATE,FITNESS,False
524,501,0.4645839950343091,False,ADVOCATE,SALES,ADVOCATE,False
1705,1988,0.29052937614459856,False,ENGINEERING,ENGINEERING,CONSTRUCTION,True
2065,2047,0.6081417306855147,False,PUBLIC-RELATIONS,PUBLIC-RELATIONS,PUBLIC-RELATIONS,True
1169,1493,0.5738535695383685,False,CONSULTANT,ACCOUNTANT,FINANCE,False
331,1218,0.3856291907717708,False,INFORMATION-TECHNOLOGY,INFORMATION-TECHNOLOGY,CONSULTANT,True
901,2355,0.3157203646538877,False,FITNESS,FITNESS,ARTS,True
928,1967,0.4329569402331687,False,AGRICULTURE,ENGINEERING,CONSTRUCTION,False
740,761,0.46531382994652926,False,HEALTHCARE,HEALTHCARE,HEALTHCARE,True
1536,2221,0.47494595248484794,False,FINANCE,FINANCE,BANKING,True
2040,2076,0.33533876822517766,False,PUBLIC-RELATIONS,PUBLIC-RELATIONS,PUBLIC-RELATIONS,True
1295,782,0.2974018432221065,False,DIGITAL-MEDIA,DIGITAL-MEDIA,HEALTHCARE,True
2211,1323,0.38891108974542943,False,BANKING,INFORMATION-TECHNOLOGY,AUTOMOBILE,False
1914,1872,0.5405834760816814,False,ACCOUNTANT,ACCOUNTANT,ACCOUNTANT,True
1177,731,0.2558210885498682,False,CONSULTANT,CONSULTANT,HEALTHCARE,True
1701,1084,0.3134162949951626,False,ENGINEERING,ENGINEERING,SALES,True
1281,1314,0.539172176482277,False,DIGITAL-MEDIA,DIGITAL-MEDIA,DIGITAL-MEDIA,True
2195,2243,0.28965883117009417,False,BANKING,BANKING,BANKING,True
1413,1397,0.6970116542448835,False,CHEF,CHEF,CHEF,True
2107,354,0.3079206035931663,False,PUBLIC-RELATIONS,BANKING,TEACHER,False
1653,1055,0.45981641843051074,False,APPAREL,SALES,SALES,False
1241,1208,0.527050876564925,False,DIGITAL-MEDIA,PUBLIC-RELATIONS,CONSULTANT,False
2288,2272,0.5303524571779931,False,ARTS,TEACHER,ARTS,False
2314,1286,0.3214591235204649,False,ARTS,INFORMATION-TECHNOLOGY,DIGITAL-MEDIA,False
1699,1709,0.45290689639397624,False,ENGINEERING,ENGINEERING,ENGINEERING,True
2465,1995,0.3608318695740814,False,AVIATION,INFORMATION-TECHNOLOGY,CONSTRUCTION,False
2062,2054,0.5800499491680564,False,PUBLIC-RELATIONS,PUBLIC-RELATIONS,PUBLIC-RELATIONS,True
1868,1901,0.5988480515440698,False,ACCOUNTANT,ACCOUNTANT,ACCOUNTANT,True
884,556,0.4814027088449873,False,FITNESS,FITNESS,ADVOCATE,True
1420,1425,0.6619896413199992,False,CHEF,CHEF,CHEF,True
2168,2178,0.35847346148988884,False,BANKING,BANKING,BANKING,True
267,293,0.39455477911497505,False,INFORMATION-TECHNOLOGY,INFORMATION-TECHNOLOGY,INFORMATION-TECHNOLOGY,True
1015,667,0.29406911003121955,False,SALES,SALES,BUSINESS-DEVELOPMENT,True
461,791,0.5170832753750411,False,ADVOCATE,ADVOCATE,HEALTHCARE,True
1336,1331,0.5198968463251225,False,AUTOMOBILE,ACCOUNTANT,AUTOMOBILE,False
736,745,0.3809328638293831,False,HEALTHCARE,HEALTHCARE,HEALTHCARE,True
2402,2435,0.28562891672496044,False,AVIATION,AVIATION,AVIATION,True
1213,963,0.32638502098077576,False,CONSULTANT,CONSULTANT,AGRICULTURE,True
242,232,0.531478562237154,False,INFORMATION-TECHNOLOGY,INFORMATION-TECHNOLOGY,INFORMATION-TECHNOLOGY,True
1908,1913,0.4608072165217712,False,ACCOUNTANT,ACCOUNTANT,ACCOUNTANT,True
1704,1698,0.4091887102499688,False,ENGINEERING,ENGINEERING,ENGINEERING,True
2400,2391,0.43651301192067876,False,AVIATION,AVIATION,AVIATION,True
1939,1944,0.48993918483258303,False,CONSTRUCTION,CONSTRUCTION,CONSTRUCTION,True
1522,2221,0.383179154460123,False,FINANCE,FINANCE,BANKING,True
2295,2285,0.4174633172610937,False,ARTS,TEACHER,ARTS,False
1748,1695,0.43072965138227354,False,ENGINEERING,ENGINEERING,ENGINEERING,True
1028,1034,0.4219059903448005,False,SALES,SALES,SALES,True
919,921,0.9743800892391035,True,AGRICULTURE,AGRICULTURE,AGRICULTURE,True
2184,1111,0.6489380677323434,False,BANKING,DESIGNER,CONSULTANT,False
174,209,0.2881364804469025,False,DESIGNER,AVIATION,DESIGNER,False
1989,1154,0.3743302566056458,False,CONSTRUCTION,CONSTRUCTION,CONSULTANT,True
159,2067,0.4431231074671299,False,DESIGNER,DESIGNER,PUBLIC-RELATIONS,True
1455,1343,0.23665113562425005,False,CHEF,ADVOCATE,AUTOMOBILE,False
1424,1449,0.5877806852098818,False,CHEF,CHEF,CHEF,True
1458,1470,0.5533969987252901,False,CHEF,CHEF,CHEF,True
2169,737,0.29095404624399135,False,BANKING,BANKING,HEALTHCARE,True
2204,2176,0.3794781360563625,False,BANKING,BANKING,BANKING,True
1613,1629,0.3784638979347052,False,APPAREL,FINANCE,APPAREL,False
854,850,0.31591820457593733,False,FITNESS,FITNESS,FITNESS,True
1890,1872,0.558502537540685,False,ACCOUNTANT,ACCOUNTANT,ACCOUNTANT,True
2339,2282,0.6449573565778917,False,ARTS,ARTS,ARTS,True
1549,1517,0.4016455508937917,False,FINANCE,BANKING,FINANCE,False
418,416,0.5740465215893391,False,TEACHER,TEACHER,TEACHER,True
401,428,0.32607513879299954,False,TEACHER,TEACHER,TEACHER,True
208,2313,0.5004152121638114,False,DESIGNER,DESIGNER,ARTS,True
2390,1777,0.3715739162051911,False,AVIATION,ENGINEERING,ENGINEERING,False
217,225,0.31599783519809893,False,INFORMATION-TECHNOLOGY,INFORMATION-TECHNOLOGY,INFORMATION-TECHNOLOGY,True
631,590,0.36252686961706126,False,BUSINESS-DEVELOPMENT,BUSINESS-DEVELOPMENT,BUSINESS-DEVELOPMENT,True
1201,2225,0.4227044240600547,False,CONSULTANT,INFORMATION-TECHNOLOGY,BANKING,False
1369,1382,0.33814860436994,False,CHEF,CHEF,CHEF,True
2441,2372,0.3573651503867705,False,AVIATION,AVIATION,AVIATION,True
903,788,0.46538196228730383,False,FITNESS,TEACHER,HEALTHCARE,False
941,1192,0.4514428726964132,False,AGRICULTURE,AVIATION,CONSULTANT,False
2063,2086,0.45481622860858756,False,PUBLIC-RELATIONS,PUBLIC-RELATIONS,PUBLIC-RELATIONS,True
202,114,0.45796323379293685,False,DESIGNER,DESIGNER,DESIGNER,True
855,857,0.6560931081802488,False,FITNESS,FITNESS,FITNESS,True
1440,1380,0.550788402798868,False,CHEF,CHEF,CHEF,True
914,909,0.37182563869255075,False,AGRICULTURE,AGRICULTURE,AGRICULTURE,True
1590,1850,0.32727972856341814,False,FINANCE,FINANCE,ACCOUNTANT,True
2233,89,0.3939483246393295,False,BANKING,BANKING,HR,True
500,462,0.4086914681700038,False,ADVOCATE,ADVOCATE,ADVOCATE,True
665,676,0.2934709936697647,False,BUSINESS-DEVELOPMENT,BUSINESS-DEVELOPMENT,BUSINESS-DEVELOPMENT,True
819,814,0.6353190610831563,False,FITNESS,FITNESS,FITNESS,True
1251,707,0.4046391447654231,False,DIGITAL-MEDIA,INFORMATION-TECHNOLOGY,HEALTHCARE,False
2147,2101,0.5266903428970959,False,PUBLIC-RELATIONS,PUBLIC-RELATIONS,PUBLIC-RELATIONS,True
771,1433,0.5571708022106262,False,HEALTHCARE,CHEF,CHEF,False
1696,1807,0.52994301858751,False,ENGINEERING,ENGINEERING,ENGINEERING,True
811,814,0.45594729520100347,False,FITNESS,FITNESS,FITNESS,True
1352,782,0.3278321040941982,False,AUTOMOBILE,BANKING,HEALTHCARE,False
23,67,0.6297449362968486,False,HR,HR,HR,True
1658,1629,0.4645299061602772,False,APPAREL,APPAREL,APPAREL,True
1997,1943,0.5261237319486427,False,CONSTRUCTION,CONSTRUCTION,CONSTRUCTION,True
427,850,0.3826482072430885,False,TEACHER,TEACHER,FITNESS,True
674,557,0.3801140019246273,False,BUSINESS-DEVELOPMENT,BUSINESS-DEVELOPMENT,BUSINESS-DEVELOPMENT,True
196,1629,0.3310578287964185,False,DESIGNER,DESIGNER,APPAREL,True
1206,1129,0.3263398915817918,False,CONSULTANT,CONSULTANT,CONSULTANT,True
2350,577,0.2728616272850269,False,ARTS,SALES,BUSINESS-DEVELOPMENT,False
757,521,0.40373240527616444,False,HEALTHCARE,HEALTHCARE,ADVOCATE,True
