t1,t2,answered,total,coverage,accuracy_on_answered,correct_answered,wrong_answered,utility
0.3,0.05,1406,1984,0.7086693548387096,0.6522048364153628,917,489,0.2157258064516129
0.3,0.1,1351,1984,0.6809475806451613,0.6550703182827535,885,466,0.21118951612903225
0.3,0.15,1299,1984,0.6547379032258065,0.6697459584295612,870,429,0.22227822580645162
0.3,0.2,1214,1984,0.6118951612903226,0.6869851729818781,834,380,0.2288306451612903
0.4,0.05,1187,1984,0.5982862903225806,0.6958719460825611,826,361,0.234375
0.4,0.1,1163,1984,0.5861895161290323,0.6938950988822012,807,356,0.22731854838709678
0.4,0.15,1143,1984,0.5761088709677419,0.6999125109361329,800,343,0.23034274193548387
0.4,0.2,1111,1984,0.5599798387096774,0.7056705670567057,784,327,0.23034274193548387
0.5,0.05,921,1984,0.4642137096774194,0.745928338762215,687,234,0.2283266129032258
0.5,0.1,921,1984,0.4642137096774194,0.745928338762215,687,234,0.2283266129032258
0.5,0.15,920,1984,0.4637096774193548,0.7467391304347826,687,233,0.2288306451612903
0.5,0.2,912,1984,0.4596774193548387,0.7478070175438597,682,230,0.22782258064516128
0.6,0.05,636,1984,0.32056451612903225,0.8144654088050315,518,118,0.20161290322580644
0.6,0.1,636,1984,0.32056451612903225,0.8144654088050315,518,118,0.20161290322580644
0.6,0.15,636,1984,0.32056451612903225,0.8144654088050315,518,118,0.20161290322580644
0.6,0.2,636,1984,0.32056451612903225,0.8144654088050315,518,118,0.20161290322580644
0.7,0.05,303,1984,0.15272177419354838,0.9075907590759076,275,28,0.12449596774193548
0.7,0.1,303,1984,0.15272177419354838,0.9075907590759076,275,28,0.12449596774193548
0.7,0.15,303,1984,0.15272177419354838,0.9075907590759076,275,28,0.12449596774193548
0.7,0.2,303,1984,0.15272177419354838,0.9075907590759076,275,28,0.12449596774193548
0.8,0.05,37,1984,0.018649193548387098,1.0,37,0,0.018649193548387098
0.8,0.1,37,1984,0.018649193548387098,1.0,37,0,0.018649193548387098
0.8,0.15,37,1984,0.018649193548387098,1.0,37,0,0.018649193548387098
0.8,0.2,37,1984,0.018649193548387098,1.0,37,0,0.018649193548387098
0.0,0.0,1984,1984,1.0,0.5342741935483871,1060,924,0.06854838709677419
