true_category,ACCOUNTANT,ADVOCATE,AGRICULTURE,APPAREL,ARTS,AUTOMOBILE,AVIATION,BANKING,BPO,BUSINESS-DEVELOPMENT,CHEF,CONSTRUCTION,CONSULTANT,DESIGNER,DIGITAL-MEDIA,ENGINEERING,FINANCE,FITNESS,HEALTHCARE,HR,INFORMATION-TECHNOLOGY,PUBLIC-RELATIONS,SALES,TEACHER
ACCOUNTANT,0.9583333333333334,0.0,0.0,0.0,0.0,0.0,0.0,0.0,0.0,0.0,0.0,0.0,0.0,0.0,0.0,0.0,0.0,0.0,0.0,0.0,0.0,0.0,0.041666666666666664,0.0
ADVOCATE,0.0,0.7916666666666666,0.0,0.0,0.0,0.0,0.0,0.0,0.0,0.0,0.041666666666666664,0.0,0.0,0.0,0.0,0.0,0.0,0.0,0.041666666666666664,0.041666666666666664,0.041666666666666664,0.0,0.041666666666666664,0.0
AGRICULTURE,0.0,0.07692307692307693,0.3076923076923077,0.0,0.07692307692307693,0.0,0.07692307692307693,0.0,0.0,0.07692307692307693,0.0,0.07692307692307693,0.0,0.0,0.0,0.15384615384615385,0.0,0.0,0.0,0.0,0.0,0.07692307692307693,0.07692307692307693,0.0
APPAREL,0.0,0.0,0.0,0.3684210526315789,0.0,0.0,0.0,0.0,0.0,0.10526315789473684,0.0,0.0,0.0,0.10526315789473684,0.0,0.0,0.05263157894736842,0.05263157894736842,0.0,0.05263157894736842,0.0,0.10526315789473684,0.15789473684210525,0.0
ARTS,0.0,0.0,0.0,0.0,0.23809523809523808,0.0,0.047619047619047616,0.0,0.0,0.0,0.0,0.0,0.047619047619047616,0.0,0.0,0.0,0.0,0.0,0.047619047619047616,0.0,0.09523809523809523,0.047619047619047616,0.047619047619047616,0.42857142857142855
AUTOMOBILE,0.14285714285714285,0.14285714285714285,0.0,0.0,0.14285714285714285,0.14285714285714285,0.14285714285714285,0.14285714285714285,0.0,0.0,0.0,0.0,0.0,0.0,0.0,0.14285714285714285,0.0,0.0,0.0,0.0,0.0,0.0,0.0,0.0
AVIATION,0.0,0.0,0.0,0.0,0.0,0.0,0.7391304347826086,0.0,0.0,0.0,0.0,0.0,0.0,0.0,0.0,0.08695652173913043,0.043478260869565216,0.043478260869565216,0.0,0.043478260869565216,0.043478260869565216,0.0,0.0,0.0
BANKING,0.08695652173913043,0.0,0.0,0.0,0.0,0.0,0.0,0.6521739130434783,0.0,0.0,0.0,0.0,0.043478260869565216,0.043478260869565216,0.0,0.0,0.043478260869565216,0.043478260869565216,0.0,0.0,0.043478260869565216,0.043478260869565216,0.0,0.0
BPO,0.0,0.0,0.0,0.0,0.0,0.0,0.0,0.0,0.0,0.0,0.0,0.0,0.25,0.0,0.0,0.0,0.25,0.0,0.25,0.0,0.0,0.0,0.25,0.0
BUSINESS-DEVELOPMENT,0.041666666666666664,0.0,0.0,0.0,0.0,0.0,0.0,0.0,0.0,0.9166666666666666,0.0,0.0,0.0,0.0,0.0,0.0,0.041666666666666664,0.0,0.0,0.0,0.0,0.0,0.0,0.0
CHEF,0.0,0.041666666666666664,0.0,0.0,0.0,0.0,0.0,0.0,0.0,0.0,0.7083333333333334,0.0,0.0,0.0,0.0,0.0,0.041666666666666664,0.0,0.041666666666666664,0.0,0.0,0.0,0.08333333333333333,0.08333333333333333
CONSTRUCTION,0.0,0.0,0.0,0.0,0.0,0.0,0.0,0.045454545454545456,0.0,0.0,0.0,0.9545454545454546,0.0,0.0,0.0,0.0,0.0,0.0,0.0,0.0,0.0,0.0,0.0,0.0
CONSULTANT,0.13043478260869565,0.0,0.0,0.0,0.0,0.0,0.0,0.0,0.0,0.0,0.0,0.0,0.5217391304347826,0.0,0.043478260869565216,0.0,0.0,0.0,0.043478260869565216,0.0,0.08695652173913043,0.13043478260869565,0.043478260869565216,0.0
DESIGNER,0.0,0.0,0.0,0.0,0.0,0.0,0.047619047619047616,0.0,0.0,0.0,0.0,0.0,0.0,0.9523809523809523,0.0,0.0,0.0,0.0,0.0,0.0,0.0,0.0,0.0,0.0
DIGITAL-MEDIA,0.0,0.0,0.0,0.0,0.0,0.0,0.0,0.0,0.0,0.0,0.0,0.0,0.05263157894736842,0.05263157894736842,0.6842105263157895,0.0,0.0,0.0,0.0,0.0,0.10526315789473684,0.10526315789473684,0.0,0.0
ENGINEERING,0.0,0.0,0.0,0.0,0.0,0.0,0.0,0.0,0.0,0.0,0.0,0.0,0.0,0.0,0.0,0.875,0.0,0.0,0.0,0.0,0.08333333333333333,0.0,0.0,0.041666666666666664
FINANCE,0.3333333333333333,0.0,0.0,0.0,0.0,0.0,0.0,0.041666666666666664,0.0,0.0,0.0,0.0,0.0,0.0,0.0,0.0,0.625,0.0,0.0,0.0,0.0,0.0,0.0,0.0
FITNESS,0.0,0.0,0.0,0.0,0.0,0.0,0.0,0.0,0.0,0.0,0.0,0.0,0.0,0.0,0.0,0.0,0.0,0.8333333333333334,0.0,0.0,0.0,0.041666666666666664,0.041666666666666664,0.08333333333333333
HEALTHCARE,0.0,0.0,0.0,0.0,0.043478260869565216,0.0,0.0,0.0,0.0,0.0,0.043478260869565216,0.0,0.0,0.0,0.043478260869565216,0.0,0.043478260869565216,0.043478260869565216,0.6956521739130435,0.043478260869565216,0.043478260869565216,0.0,0.0,0.0
HR,0.0,0.0,0.0,0.0,0.0,0.0,0.0,0.0,0.0,0.0,0.0,0.0,0.0,0.0,0.0,0.0,0.0,0.0,0.0,1.0,0.0,0.0,0.0,0.0
INFORMATION-TECHNOLOGY,0.0,0.0,0.0,0.0,0.0,0.0,0.0,0.0,0.0,0.0,0.0,0.0,0.0,0.0,0.0,0.0,0.0,0.0,0.0,0.0,1.0,0.0,0.0,0.0
PUBLIC-RELATIONS,0.045454545454545456,0.0,0.0,0.0,0.0,0.0,0.0,0.045454545454545456,0.0,0.0,0.045454545454545456,0.0,0.0,0.0,0.0,0.0,0.0,0.0,0.0,0.045454545454545456,0.0,0.8181818181818182,0.0,0.0
SALES,0.0,0.0,0.0,0.0,0.0,0.0,0.0,0.0,0.0,0.043478260869565216,0.043478260869565216,0.043478260869565216,0.0,0.0,0.0,0.0,0.0,0.043478260869565216,0.043478260869565216,0.0,0.0,0.0,0.782608695652174,0.0
TEACHER,0.0,0.0,0.0,0.0,0.0,0.0,0.0,0.0,0.0,0.0,0.0,0.0,0.0,0.0,0.0,0.0,0.0,0.0,0.0,0.0,0.0,0.0,0.0,1.0
