scope,category,support,literal_substring_count,literal_substring_share,boundary_variant_count,boundary_variant_share,first_80_words_variant_count,first_80_words_variant_share
all_raw,ACCOUNTANT,118,118,1.0,118,1.0,118,1.0
all_raw,ADVOCATE,118,96,0.8135593220338984,96,0.8135593220338984,84,0.711864406779661
all_raw,AGRICULTURE,63,29,0.4603174603174603,30,0.47619047619047616,11,0.1746031746031746
all_raw,APPAREL,97,52,0.5360824742268041,51,0.5257731958762887,14,0.14432989690721648
all_raw,ARTS,103,91,0.883495145631068,89,0.8640776699029126,35,0.33980582524271846
all_raw,AUTOMOBILE,36,15,0.4166666666666667,16,0.4444444444444444,6,0.16666666666666666
all_raw,AVIATION,117,97,0.8290598290598291,97,0.8290598290598291,38,0.3247863247863248
all_raw,BANKING,115,92,0.8,94,0.8173913043478261,55,0.4782608695652174
all_raw,BPO,22,10,0.45454545454545453,10,0.45454545454545453,5,0.22727272727272727
all_raw,BUSINESS-DEVELOPMENT,120,0,0.0,119,0.9916666666666667,119,0.9916666666666667
all_raw,CHEF,118,108,0.9152542372881356,108,0.9152542372881356,101,0.8559322033898306
all_raw,CONSTRUCTION,112,112,1.0,112,1.0,99,0.8839285714285714
all_raw,CONSULTANT,115,115,1.0,115,1.0,114,0.991304347826087
all_raw,DESIGNER,107,107,1.0,107,1.0,106,0.9906542056074766
all_raw,DIGITAL-MEDIA,96,0,0.0,39,0.40625,13,0.13541666666666666
all_raw,ENGINEERING,118,118,1.0,118,1.0,118,1.0
all_raw,FINANCE,118,118,1.0,118,1.0,118,1.0
all_raw,FITNESS,117,100,0.8547008547008547,100,0.8547008547008547,47,0.4017094017094017
all_raw,HEALTHCARE,115,115,1.0,115,1.0,64,0.5565217391304348
all_raw,HR,110,110,1.0,110,1.0,110,1.0
all_raw,INFORMATION-TECHNOLOGY,120,0,0.0,113,0.9416666666666667,95,0.7916666666666666
all_raw,PUBLIC-RELATIONS,111,0,0.0,106,0.954954954954955,65,0.5855855855855856
all_raw,SALES,116,116,1.0,116,1.0,116,1.0
all_raw,TEACHER,102,102,1.0,102,1.0,102,1.0
train,ACCOUNTANT,94,94,1.0,94,1.0,94,1.0
train,ADVOCATE,94,74,0.7872340425531915,74,0.7872340425531915,65,0.6914893617021277
train,AGRICULTURE,50,22,0.44,23,0.46,8,0.16
train,APPAREL,78,40,0.5128205128205128,39,0.5,13,0.16666666666666666
train,ARTS,82,72,0.8780487804878049,70,0.8536585365853658,26,0.3170731707317073
train,AUTOMOBILE,29,12,0.41379310344827586,12,0.41379310344827586,4,0.13793103448275862
train,AVIATION,93,78,0.8387096774193549,78,0.8387096774193549,32,0.34408602150537637
train,BANKING,92,72,0.782608695652174,73,0.7934782608695652,41,0.44565217391304346
train,BPO,18,8,0.4444444444444444,8,0.4444444444444444,4,0.2222222222222222
train,BUSINESS-DEVELOPMENT,95,0,0.0,95,1.0,95,1.0
train,CHEF,94,87,0.925531914893617,87,0.925531914893617,82,0.8723404255319149
train,CONSTRUCTION,90,90,1.0,90,1.0,79,0.8777777777777778
train,CONSULTANT,92,92,1.0,92,1.0,91,0.9891304347826086
train,DESIGNER,86,86,1.0,86,1.0,85,0.9883720930232558
train,DIGITAL-MEDIA,77,0,0.0,30,0.38961038961038963,10,0.12987012987012986
train,ENGINEERING,94,94,1.0,94,1.0,94,1.0
train,FINANCE,93,93,1.0,93,1.0,93,1.0
train,FITNESS,93,80,0.8602150537634409,80,0.8602150537634409,41,0.44086021505376344
train,HEALTHCARE,92,92,1.0,92,1.0,50,0.5434782608695652
train,HR,88,88,1.0,88,1.0,88,1.0
train,INFORMATION-TECHNOLOGY,96,0,0.0,89,0.9270833333333334,74,0.7708333333333334
train,PUBLIC-RELATIONS,89,0,0.0,86,0.9662921348314607,51,0.5730337078651685
train,SALES,93,93,1.0,93,1.0,93,1.0
train,TEACHER,82,82,1.0,82,1.0,82,1.0
test,ACCOUNTANT,24,24,1.0,24,1.0,24,1.0
test,ADVOCATE,24,22,0.9166666666666666,22,0.9166666666666666,19,0.7916666666666666
test,AGRICULTURE,13,7,0.5384615384615384,7,0.5384615384615384,3,0.23076923076923078
test,APPAREL,19,12,0.631578947368421,12,0.631578947368421,1,0.05263157894736842
test,ARTS,21,19,0.9047619047619048,19,0.9047619047619048,9,0.42857142857142855
test,AUTOMOBILE,7,3,0.42857142857142855,4,0.5714285714285714,2,0.2857142857142857
test,AVIATION,23,18,0.782608695652174,18,0.782608695652174,6,0.2608695652173913
test,BANKING,23,20,0.8695652173913043,21,0.9130434782608695,14,0.6086956521739131
test,BPO,4,2,0.5,2,0.5,1,0.25
test,BUSINESS-DEVELOPMENT,24,0,0.0,24,1.0,24,1.0
test,CHEF,24,21,0.875,21,0.875,19,0.7916666666666666
test,CONSTRUCTION,22,22,1.0,22,1.0,20,0.9090909090909091
test,CONSULTANT,23,23,1.0,23,1.0,23,1.0
test,DESIGNER,21,21,1.0,21,1.0,21,1.0
test,DIGITAL-MEDIA,19,0,0.0,9,0.47368421052631576,3,0.15789473684210525
test,ENGINEERING,24,24,1.0,24,1.0,24,1.0
test,FINANCE,24,24,1.0,24,1.0,24,1.0
test,FITNESS,24,20,0.8333333333333334,20,0.8333333333333334,6,0.25
test,HEALTHCARE,23,23,1.0,23,1.0,14,0.6086956521739131
test,HR,22,22,1.0,22,1.0,22,1.0
test,INFORMATION-TECHNOLOGY,24,0,0.0,24,1.0,21,0.875
test,PUBLIC-RELATIONS,22,0,0.0,20,0.9090909090909091,14,0.6363636363636364
test,SALES,23,23,1.0,23,1.0,23,1.0
test,TEACHER,20,20,1.0,20,1.0,20,1.0
