category,precision,recall,f1,support,train_support
BPO,0.0,0.0,0.0,4,18
AUTOMOBILE,1.0,0.14285714285714285,0.25,7,29
ARTS,0.625,0.23809523809523808,0.3448275862068966,21,82
AGRICULTURE,1.0,0.3076923076923077,0.47058823529411764,13,50
APPAREL,1.0,0.3684210526315789,0.5384615384615384,19,78
CONSULTANT,0.75,0.5217391304347826,0.6153846153846154,23,92
FINANCE,0.6818181818181818,0.625,0.6521739130434783,24,93
SALES,0.6,0.782608695652174,0.6792452830188679,23,93
PUBLIC-RELATIONS,0.6206896551724138,0.8181818181818182,0.7058823529411765,22,89
HEALTHCARE,0.7272727272727273,0.6956521739130435,0.7111111111111111,23,92
BANKING,0.7894736842105263,0.6521739130434783,0.7142857142857143,23,92
ACCOUNTANT,0.5897435897435898,0.9583333333333334,0.7301587301587301,24,94
TEACHER,0.5882352941176471,1.0,0.7407407407407407,20,82
CHEF,0.8095238095238095,0.7083333333333334,0.7555555555555555,24,94
DIGITAL-MEDIA,0.8666666666666667,0.6842105263157895,0.7647058823529411,19,77
AVIATION,0.8095238095238095,0.7391304347826086,0.7727272727272727,23,93
INFORMATION-TECHNOLOGY,0.6666666666666666,1.0,0.8,24,96
FITNESS,0.8,0.8333333333333334,0.8163265306122449,24,93
ADVOCATE,0.8636363636363636,0.7916666666666666,0.8260869565217391,24,94
ENGINEERING,0.8076923076923077,0.875,0.84,24,94
BUSINESS-DEVELOPMENT,0.8461538461538461,0.9166666666666666,0.88,24,95
DESIGNER,0.8333333333333334,0.9523809523809523,0.8888888888888888,21,86
HR,0.8148148148148148,1.0,0.8979591836734694,22,88
CONSTRUCTION,0.9130434782608695,0.9545454545454546,0.9333333333333333,22,90
