true_category,predicted_category,count,true_support,fraction_of_true_class
ARTS,TEACHER,9,21,0.42857142857142855
FINANCE,ACCOUNTANT,8,24,0.3333333333333333
APPAREL,SALES,3,19,0.15789473684210525
CONSULTANT,ACCOUNTANT,3,23,0.13043478260869565
CONSULTANT,PUBLIC-RELATIONS,3,23,0.13043478260869565
AGRICULTURE,ENGINEERING,2,13,0.15384615384615385
APPAREL,BUSINESS-DEVELOPMENT,2,19,0.10526315789473684
APPAREL,DESIGNER,2,19,0.10526315789473684
APPAREL,PUBLIC-RELATIONS,2,19,0.10526315789473684
ARTS,INFORMATION-TECHNOLOGY,2,21,0.09523809523809523
AVIATION,ENGINEERING,2,23,0.08695652173913043
BANKING,ACCOUNTANT,2,23,0.08695652173913043
CHEF,SALES,2,24,0.08333333333333333
CHEF,TEACHER,2,24,0.08333333333333333
CONSULTANT,INFORMATION-TECHNOLOGY,2,23,0.08695652173913043
