category,support,baseline_f1,masked_f1,delta
CONSULTANT,23.0,0.7391304347826086,0.09523809523809523,-0.6438923395445134
AGRICULTURE,13.0,0.8181818181818182,0.3,-0.5181818181818183
BUSINESS-DEVELOPMENT,24.0,0.9583333333333334,0.49122807017543857,-0.4671052631578948
ADVOCATE,24.0,0.8235294117647058,0.41379310344827586,-0.40973630831643
BPO,4.0,0.36363636363636365,0.0,-0.36363636363636365
APPAREL,19.0,0.6896551724137931,0.36363636363636365,-0.3260188087774295
CONSTRUCTION,22.0,0.9545454545454546,0.6666666666666666,-0.28787878787878796
ENGINEERING,24.0,0.875,0.6382978723404256,-0.23670212765957444
HEALTHCARE,23.0,0.6976744186046512,0.46808510638297873,-0.22958931222167245
DESIGNER,21.0,0.9302325581395349,0.7027027027027027,-0.22752985543683213
DIGITAL-MEDIA,19.0,0.7878787878787878,0.5945945945945946,-0.19328419328419322
SALES,23.0,0.6909090909090909,0.5098039215686274,-0.1811051693404635
INFORMATION-TECHNOLOGY,24.0,0.9019607843137255,0.7241379310344828,-0.17782285327924274
BANKING,23.0,0.7272727272727273,0.5531914893617021,-0.17408123791102514
FITNESS,24.0,0.88,0.7083333333333334,-0.17166666666666663
PUBLIC-RELATIONS,22.0,0.7555555555555555,0.5957446808510638,-0.15981087470449173
TEACHER,20.0,0.8571428571428571,0.6976744186046512,-0.15946843853820591
ARTS,21.0,0.6153846153846154,0.5142857142857142,-0.10109890109890118
AVIATION,23.0,0.8372093023255814,0.7391304347826086,-0.09807886754297279
ACCOUNTANT,24.0,0.8301886792452831,0.7727272727272727,-0.05746140651801035
AUTOMOBILE,7.0,0.5,0.4444444444444444,-0.05555555555555558
HR,22.0,0.875,0.8260869565217391,-0.048913043478260865
CHEF,24.0,0.7727272727272727,0.7441860465116279,-0.02854122621564481
FINANCE,24.0,0.8,0.8301886792452831,0.030188679245283012
