row_id,category,nearest_row_id,cosine
84,Advocate,94,0.999999999999999
85,Advocate,95,1.0000000000000004
86,Advocate,96,1.0000000000000002
87,Advocate,97,0.9999999999999972
88,Advocate,98,0.9999999999999997
89,Advocate,99,1.0000000000000002
90,Advocate,100,0.9999999999999999
91,Advocate,101,1.0000000000000004
92,Advocate,102,1.0000000000000004
93,Advocate,103,1.0000000000000002
94,Advocate,84,0.999999999999999
95,Advocate,85,1.0000000000000004
96,Advocate,86,1.0000000000000002
97,Advocate,87,0.9999999999999972
98,Advocate,88,0.9999999999999997
99,Advocate,89,1.0000000000000002
100,Advocate,90,0.9999999999999999
101,Advocate,91,1.0000000000000004
102,Advocate,92,1.0000000000000004
103,Advocate,93,1.0000000000000002
104,Arts,110,1.0
105,Arts,111,1.0
106,Arts,112,0.9999999999999958
107,Arts,113,1.0000000000000002
108,Arts,114,1.0000000000000004
109,Arts,115,0.9999999999999988
110,Arts,104,1.0
111,Arts,105,1.0
112,Arts,106,0.9999999999999958
113,Arts,107,1.0000000000000002
114,Arts,108,1.0000000000000004
115,Arts,109,0.9999999999999988
116,Arts,104,1.0
117,Arts,105,1.0
118,Arts,106,0.9999999999999958
119,Arts,107,1.0000000000000002
120,Arts,108,1.0000000000000004
121,Arts,109,0.9999999999999988
122,Arts,104,1.0
123,Arts,105,1.0
124,Arts,106,0.9999999999999958
125,Arts,107,1.0000000000000002
126,Arts,108,1.0000000000000004
127,Arts,109,0.9999999999999988
128,Arts,104,1.0
129,Arts,105,1.0
130,Arts,106,0.9999999999999958
131,Arts,107,1.0000000000000002
132,Arts,108,1.0000000000000004
133,Arts,109,0.9999999999999988
134,Arts,104,1.0
135,Arts,105,1.0
136,Arts,106,0.9999999999999958
137,Arts,107,1.0000000000000002
138,Arts,108,1.0000000000000004
139,Arts,109,0.9999999999999988
455,Automation Testing,468,0.999999999999988
456,Automation Testing,469,1.0000000000000009
457,Automation Testing,470,1.0000000000000002
458,Automation Testing,462,0.9999999999999971
459,Automation Testing,463,1.000000000000001
460,Automation Testing,473,1.000000000000006
461,Automation Testing,474,1.0000000000000004
462,Automation Testing,458,0.9999999999999971
463,Automation Testing,459,1.000000000000001
464,Automation Testing,458,0.9999999999999971
465,Automation Testing,459,1.000000000000001
466,Automation Testing,458,0.9999999999999971
467,Automation Testing,459,1.000000000000001
468,Automation Testing,455,0.999999999999988
469,Automation Testing,456,1.0000000000000009
470,Automation Testing,457,1.0000000000000002
471,Automation Testing,458,0.9999999999999971
472,Automation Testing,459,1.000000000000001
473,Automation Testing,460,1.000000000000006
474,Automation Testing,461,1.0000000000000004
475,Automation Testing,458,0.9999999999999971
476,Automation Testing,459,1.000000000000001
477,Automation Testing,458,0.9999999999999971
478,Automation Testing,459,1.000000000000001
479,Automation Testing,458,0.9999999999999971
480,Automation Testing,459,1.000000000000001
852,Blockchain,857,1.0000000000000098
853,Blockchain,858,1.0000000000000189
854,Blockchain,859,0.9999999999999941
855,Blockchain,860,0.9999999999999969
856,Blockchain,861,0.9999999999999858
857,Blockchain,852,1.0000000000000098
858,Blockchain,853,1.0000000000000189
859,Blockchain,854,0.9999999999999941
860,Blockchain,855,0.9999999999999969
861,Blockchain,856,0.9999999999999858
862,Blockchain,852,1.0000000000000098
863,Blockchain,853,1.0000000000000189
864,Blockchain,854,0.9999999999999941
865,Blockchain,855,0.9999999999999969
866,Blockchain,856,0.9999999999999858
867,Blockchain,852,1.0000000000000098
868,Blockchain,853,1.0000000000000189
869,Blockchain,854,0.9999999999999941
870,Blockchain,855,0.9999999999999969
871,Blockchain,856,0.9999999999999858
872,Blockchain,852,1.0000000000000098
873,Blockchain,853,1.0000000000000189
874,Blockchain,854,0.9999999999999941
875,Blockchain,855,0.9999999999999969
876,Blockchain,856,0.9999999999999858
877,Blockchain,852,1.0000000000000098
878,Blockchain,853,1.0000000000000189
879,Blockchain,854,0.9999999999999941
880,Blockchain,855,0.9999999999999969
881,Blockchain,856,0.9999999999999858
882,Blockchain,852,1.0000000000000098
883,Blockchain,853,1.0000000000000189
884,Blockchain,854,0.9999999999999941
885,Blockchain,855,0.9999999999999969
886,Blockchain,856,0.9999999999999858
887,Blockchain,852,1.0000000000000098
888,Blockchain,853,1.0000000000000189
889,Blockchain,854,0.9999999999999941
890,Blockchain,855,0.9999999999999969
891,Blockchain,856,0.9999999999999858
403,Business Analyst,417,0.9999999999999982
404,Business Analyst,418,1.000000000000001
405,Business Analyst,409,1.0000000000000047
406,Business Analyst,410,0.9999999999999417
407,Business Analyst,411,1.0000000000000069
408,Business Analyst,412,0.9999999999999907
409,Business Analyst,405,1.0000000000000047
410,Business Analyst,406,0.9999999999999417
411,Business Analyst,407,1.0000000000000069
412,Business Analyst,408,0.9999999999999907
413,Business Analyst,405,1.0000000000000047
414,Business Analyst,406,0.9999999999999417
415,Business Analyst,407,1.0000000000000069
416,Business Analyst,408,0.9999999999999907
417,Business Analyst,403,0.9999999999999982
418,Business Analyst,404,1.000000000000001
419,Business Analyst,405,1.0000000000000047
420,Business Analyst,406,0.9999999999999417
421,Business Analyst,407,1.0000000000000069
422,Business Analyst,408,0.9999999999999907
423,Business Analyst,405,1.0000000000000047
424,Business Analyst,406,0.9999999999999417
425,Business Analyst,407,1.0000000000000069
426,Business Analyst,408,0.9999999999999907
427,Business Analyst,405,1.0000000000000047
428,Business Analyst,406,0.9999999999999417
429,Business Analyst,407,1.0000000000000069
430,Business Analyst,408,0.9999999999999907
295,Civil Engineer,301,0.9999999999999989
296,Civil Engineer,302,1.0000000000000002
297,Civil Engineer,303,1.0000000000000027
298,Civil Engineer,304,1.0000000000000013
299,Civil Engineer,305,0.9999999999999851
300,Civil Engineer,306,0.9999999999999999
301,Civil Engineer,295,0.9999999999999989
302,Civil Engineer,296,1.0000000000000002
303,Civil Engineer,297,1.0000000000000027
304,Civil Engineer,298,1.0000000000000013
305,Civil Engineer,299,0.9999999999999851
306,Civil Engineer,300,0.9999999999999999
307,Civil Engineer,295,0.9999999999999989
308,Civil Engineer,296,1.0000000000000002
309,Civil Engineer,297,1.0000000000000027
310,Civil Engineer,298,1.0000000000000013
311,Civil Engineer,299,0.9999999999999851
312,Civil Engineer,300,0.9999999999999999
313,Civil Engineer,295,0.9999999999999989
314,Civil Engineer,296,1.0000000000000002
315,Civil Engineer,297,1.0000000000000027
316,Civil Engineer,298,1.0000000000000013
317,Civil Engineer,299,0.9999999999999851
318,Civil Engineer,300,0.9999999999999999
0,Data Science,10,0.9999999999999725
1,Data Science,11,0.9999999999999994
2,Data Science,12,1.0
3,Data Science,13,1.0000000000000016
4,Data Science,14,1.0
5,Data Science,15,1.0000000000000022
6,Data Science,16,0.9999999999999991
7,Data Science,17,1.0000000000000038
8,Data Science,18,0.9999999999999988
9,Data Science,19,1.0000000000000075
10,Data Science,0,0.9999999999999725
11,Data Science,1,0.9999999999999994
12,Data Science,2,1.0
13,Data Science,3,1.0000000000000016
14,Data Science,4,1.0
15,Data Science,5,1.0000000000000022
16,Data Science,6,0.9999999999999991
17,Data Science,7,1.0000000000000038
18,Data Science,8,0.9999999999999988
19,Data Science,9,1.0000000000000075
20,Data Science,0,0.9999999999999725
21,Data Science,1,0.9999999999999994
22,Data Science,2,1.0
23,Data Science,3,1.0000000000000016
24,Data Science,4,1.0
25,Data Science,5,1.0000000000000022
26,Data Science,6,0.9999999999999991
27,Data Science,7,1.0000000000000038
28,Data Science,8,0.9999999999999988
29,Data Science,9,1.0000000000000075
30,Data Science,0,0.9999999999999725
31,Data Science,1,0.9999999999999994
32,Data Science,2,1.0
33,Data Science,3,1.0000000000000016
34,Data Science,4,1.0
35,Data Science,5,1.0000000000000022
36,Data Science,6,0.9999999999999991
37,Data Science,7,1.0000000000000038
38,Data Science,8,0.9999999999999988
39,Data Science,9,1.0000000000000075
709,Database,720,0.9999999999999992
710,Database,721,0.9999999999999981
711,Database,722,1.0000000000000242
712,Database,723,1.0000000000000009
713,Database,724,0.999999999999999
714,Database,725,0.9999999999999796
715,Database,726,0.9999999999999998
716,Database,727,1.000000000000003
717,Database,728,1.0000000000000013
718,Database,729,0.9999999999999956
719,Database,730,1.0000000000000007
720,Database,709,0.9999999999999992
721,Database,710,0.9999999999999981
722,Database,711,1.0000000000000242
723,Database,712,1.0000000000000009
724,Database,713,0.999999999999999
725,Database,714,0.9999999999999796
726,Database,715,0.9999999999999998
727,Database,716,1.000000000000003
728,Database,717,1.0000000000000013
729,Database,718,0.9999999999999956
730,Database,719,1.0000000000000007
731,Database,709,0.9999999999999992
732,Database,710,0.9999999999999981
733,Database,711,1.0000000000000242
734,Database,712,1.0000000000000009
735,Database,713,0.999999999999999
736,Database,714,0.9999999999999796
737,Database,715,0.9999999999999998
738,Database,716,1.000000000000003
739,Database,717,1.0000000000000013
740,Database,718,0.9999999999999956
741,Database,719,1.0000000000000007
599,DevOps Engineer,606,1.0000000000000002
600,DevOps Engineer,607,0.9999999999999984
601,DevOps Engineer,608,1.0000000000000262
602,DevOps Engineer,605,0.058534510969094906
603,DevOps Engineer,602,0.050365601502936536
604,DevOps Engineer,602,0.043965984246039494
605,DevOps Engineer,601,0.06076861530581181
606,DevOps Engineer,599,1.0000000000000002
607,DevOps Engineer,600,0.9999999999999984
608,DevOps Engineer,601,1.0000000000000262
609,DevOps Engineer,599,1.0000000000000002
610,DevOps Engineer,600,0.9999999999999984
611,DevOps Engineer,601,1.0000000000000262
612,DevOps Engineer,599,1.0000000000000002
613,DevOps Engineer,600,0.9999999999999984
614,DevOps Engineer,601,1.0000000000000262
615,DevOps Engineer,599,1.0000000000000002
616,DevOps Engineer,600,0.9999999999999984
617,DevOps Engineer,601,1.0000000000000262
618,DevOps Engineer,599,1.0000000000000002
619,DevOps Engineer,600,0.9999999999999984
620,DevOps Engineer,601,1.0000000000000262
621,DevOps Engineer,599,1.0000000000000002
622,DevOps Engineer,600,0.9999999999999984
623,DevOps Engineer,601,1.0000000000000262
624,DevOps Engineer,599,1.0000000000000002
625,DevOps Engineer,600,0.9999999999999984
626,DevOps Engineer,601,1.0000000000000262
627,DevOps Engineer,599,1.0000000000000002
628,DevOps Engineer,600,0.9999999999999984
629,DevOps Engineer,601,1.0000000000000262
630,DevOps Engineer,599,1.0000000000000002
631,DevOps Engineer,600,0.9999999999999984
632,DevOps Engineer,601,1.0000000000000262
633,DevOps Engineer,599,1.0000000000000002
634,DevOps Engineer,600,0.9999999999999984
635,DevOps Engineer,601,1.0000000000000262
636,DevOps Engineer,599,1.0000000000000002
637,DevOps Engineer,600,0.9999999999999984
638,DevOps Engineer,601,1.0000000000000262
639,DevOps Engineer,599,1.0000000000000002
640,DevOps Engineer,600,0.9999999999999984
641,DevOps Engineer,601,1.0000000000000262
642,DevOps Engineer,599,1.0000000000000002
643,DevOps Engineer,600,0.9999999999999984
644,DevOps Engineer,601,1.0000000000000262
645,DevOps Engineer,599,1.0000000000000002
646,DevOps Engineer,600,0.9999999999999984
647,DevOps Engineer,601,1.0000000000000262
648,DevOps Engineer,599,1.0000000000000002
649,DevOps Engineer,600,0.9999999999999984
650,DevOps Engineer,601,1.0000000000000262
651,DevOps Engineer,599,1.0000000000000002
652,DevOps Engineer,600,0.9999999999999984
653,DevOps Engineer,601,1.0000000000000262
824,DotNet Developer,831,1.000000000000004
825,DotNet Developer,832,1.0000000000000002
826,DotNet Developer,833,0.9999999999999999
827,DotNet Developer,834,0.9999999999999998
828,DotNet Developer,835,1.0000000000000218
829,DotNet Developer,836,0.9999999999999729
830,DotNet Developer,837,1.0000000000000004
831,DotNet Developer,824,1.000000000000004
832,DotNet Developer,825,1.0000000000000002
833,DotNet Developer,826,0.9999999999999999
834,DotNet Developer,827,0.9999999999999998
835,DotNet Developer,828,1.0000000000000218
836,DotNet Developer,829,0.9999999999999729
837,DotNet Developer,830,1.0000000000000004
838,DotNet Developer,824,1.000000000000004
839,DotNet Developer,825,1.0000000000000002
840,DotNet Developer,826,0.9999999999999999
841,DotNet Developer,827,0.9999999999999998
842,DotNet Developer,828,1.0000000000000218
843,DotNet Developer,829,0.9999999999999729
844,DotNet Developer,830,1.0000000000000004
845,DotNet Developer,824,1.000000000000004
846,DotNet Developer,825,1.0000000000000002
847,DotNet Developer,826,0.9999999999999999
848,DotNet Developer,827,0.9999999999999998
849,DotNet Developer,828,1.0000000000000218
850,DotNet Developer,829,0.9999999999999729
851,DotNet Developer,830,1.0000000000000004
784,ETL Developer,789,0.9999999999999997
785,ETL Developer,790,1.0000000000000002
786,ETL Developer,791,1.0000000000000124
787,ETL Developer,792,1.000000000000006
788,ETL Developer,793,0.9999999999999996
789,ETL Developer,784,0.9999999999999997
790,ETL Developer,785,1.0000000000000002
791,ETL Developer,786,1.0000000000000124
792,ETL Developer,787,1.000000000000006
793,ETL Developer,788,0.9999999999999996
794,ETL Developer,784,0.9999999999999997
795,ETL Developer,785,1.0000000000000002
796,ETL Developer,786,1.0000000000000124
797,ETL Developer,787,1.000000000000006
798,ETL Developer,788,0.9999999999999996
799,ETL Developer,784,0.9999999999999997
800,ETL Developer,785,1.0000000000000002
801,ETL Developer,786,1.0000000000000124
802,ETL Developer,787,1.000000000000006
803,ETL Developer,788,0.9999999999999996
804,ETL Developer,784,0.9999999999999997
805,ETL Developer,785,1.0000000000000002
806,ETL Developer,786,1.0000000000000124
807,ETL Developer,787,1.000000000000006
808,ETL Developer,788,0.9999999999999996
809,ETL Developer,784,0.9999999999999997
810,ETL Developer,785,1.0000000000000002
811,ETL Developer,786,1.0000000000000124
812,ETL Developer,787,1.000000000000006
813,ETL Developer,788,0.9999999999999996
814,ETL Developer,784,0.9999999999999997
815,ETL Developer,785,1.0000000000000002
816,ETL Developer,786,1.0000000000000124
817,ETL Developer,787,1.000000000000006
818,ETL Developer,788,0.9999999999999996
819,ETL Developer,784,0.9999999999999997
820,ETL Developer,785,1.0000000000000002
821,ETL Developer,786,1.0000000000000124
822,ETL Developer,787,1.000000000000006
823,ETL Developer,788,0.9999999999999996
481,Electrical Engineering,486,0.9999999999999974
482,Electrical Engineering,487,1.000000000000003
483,Electrical Engineering,488,0.9999999999999958
484,Electrical Engineering,489,1.0000000000000002
485,Electrical Engineering,490,1.0000000000000142
486,Electrical Engineering,481,0.9999999999999974
487,Electrical Engineering,482,1.000000000000003
488,Electrical Engineering,483,0.9999999999999958
489,Electrical Engineering,484,1.0000000000000002
490,Electrical Engineering,485,1.0000000000000142
491,Electrical Engineering,481,0.9999999999999974
492,Electrical Engineering,482,1.000000000000003
493,Electrical Engineering,483,0.9999999999999958
494,Electrical Engineering,484,1.0000000000000002
495,Electrical Engineering,485,1.0000000000000142
496,Electrical Engineering,481,0.9999999999999974
497,Electrical Engineering,482,1.000000000000003
498,Electrical Engineering,483,0.9999999999999958
499,Electrical Engineering,484,1.0000000000000002
500,Electrical Engineering,485,1.0000000000000142
501,Electrical Engineering,481,0.9999999999999974
502,Electrical Engineering,482,1.000000000000003
503,Electrical Engineering,483,0.9999999999999958
504,Electrical Engineering,484,1.0000000000000002
505,Electrical Engineering,485,1.0000000000000142
506,Electrical Engineering,481,0.9999999999999974
507,Electrical Engineering,482,1.000000000000003
508,Electrical Engineering,483,0.9999999999999958
509,Electrical Engineering,484,1.0000000000000002
510,Electrical Engineering,485,1.0000000000000142
40,HR,51,1.0000000000000016
41,HR,52,0.9999999999999852
42,HR,53,1.0000000000000002
43,HR,44,1.0000000000000002
44,HR,43,1.0000000000000002
45,HR,56,1.0
46,HR,57,1.0000000000000002
47,HR,58,1.0
48,HR,59,1.0
49,HR,60,0.9999999999999999
50,HR,61,0.9999999999999997
51,HR,40,1.0000000000000016
52,HR,41,0.9999999999999852
53,HR,42,1.0000000000000002
54,HR,43,1.0000000000000002
55,HR,43,1.0000000000000002
56,HR,45,1.0
57,HR,46,1.0000000000000002
58,HR,47,1.0
59,HR,48,1.0
60,HR,49,0.9999999999999999
61,HR,50,0.9999999999999997
62,HR,40,1.0000000000000016
63,HR,41,0.9999999999999852
64,HR,42,1.0000000000000002
65,HR,43,1.0000000000000002
66,HR,43,1.0000000000000002
67,HR,45,1.0
68,HR,46,1.0000000000000002
69,HR,47,1.0
70,HR,48,1.0
71,HR,49,0.9999999999999999
72,HR,50,0.9999999999999997
73,HR,40,1.0000000000000016
74,HR,41,0.9999999999999852
75,HR,42,1.0000000000000002
76,HR,43,1.0000000000000002
77,HR,43,1.0000000000000002
78,HR,45,1.0
79,HR,46,1.0000000000000002
80,HR,47,1.0
81,HR,48,1.0
82,HR,49,0.9999999999999999
83,HR,50,0.9999999999999997
742,Hadoop,749,0.9999999999999976
743,Hadoop,750,1.0000000000000093
744,Hadoop,751,1.000000000000018
745,Hadoop,752,1.0000000000000204
746,Hadoop,753,0.9999999999999665
747,Hadoop,754,0.9999999999999977
748,Hadoop,755,0.9999999999999934
749,Hadoop,742,0.9999999999999976
750,Hadoop,743,1.0000000000000093
751,Hadoop,744,1.000000000000018
752,Hadoop,745,1.0000000000000204
753,Hadoop,746,0.9999999999999665
754,Hadoop,747,0.9999999999999977
755,Hadoop,748,0.9999999999999934
756,Hadoop,742,0.9999999999999976
757,Hadoop,743,1.0000000000000093
758,Hadoop,744,1.000000000000018
759,Hadoop,745,1.0000000000000204
760,Hadoop,746,0.9999999999999665
761,Hadoop,747,0.9999999999999977
762,Hadoop,748,0.9999999999999934
763,Hadoop,742,0.9999999999999976
764,Hadoop,743,1.0000000000000093
765,Hadoop,744,1.000000000000018
766,Hadoop,745,1.0000000000000204
767,Hadoop,746,0.9999999999999665
768,Hadoop,747,0.9999999999999977
769,Hadoop,748,0.9999999999999934
770,Hadoop,742,0.9999999999999976
771,Hadoop,743,1.0000000000000093
772,Hadoop,744,1.000000000000018
773,Hadoop,745,1.0000000000000204
774,Hadoop,746,0.9999999999999665
775,Hadoop,747,0.9999999999999977
776,Hadoop,748,0.9999999999999934
777,Hadoop,742,0.9999999999999976
778,Hadoop,743,1.0000000000000093
779,Hadoop,744,1.000000000000018
780,Hadoop,745,1.0000000000000204
781,Hadoop,746,0.9999999999999665
782,Hadoop,747,0.9999999999999977
783,Hadoop,748,0.9999999999999934
265,Health and fitness,271,1.0000000000000004
266,Health and fitness,272,0.9999999999999948
267,Health and fitness,273,1.0000000000000002
268,Health and fitness,274,0.9999999999999903
269,Health and fitness,275,0.9999999999999993
270,Health and fitness,276,1.0000000000000033
271,Health and fitness,265,1.0000000000000004
272,Health and fitness,266,0.9999999999999948
273,Health and fitness,267,1.0000000000000002
274,Health and fitness,268,0.9999999999999903
275,Health and fitness,269,0.9999999999999993
276,Health and fitness,270,1.0000000000000033
277,Health and fitness,265,1.0000000000000004
278,Health and fitness,266,0.9999999999999948
279,Health and fitness,267,1.0000000000000002
280,Health and fitness,268,0.9999999999999903
281,Health and fitness,269,0.9999999999999993
282,Health and fitness,270,1.0000000000000033
283,Health and fitness,265,1.0000000000000004
284,Health and fitness,266,0.9999999999999948
285,Health and fitness,267,1.0000000000000002
286,Health and fitness,268,0.9999999999999903
287,Health and fitness,269,0.9999999999999993
288,Health and fitness,270,1.0000000000000033
289,Health and fitness,265,1.0000000000000004
290,Health and fitness,266,0.9999999999999948
291,Health and fitness,267,1.0000000000000002
292,Health and fitness,268,0.9999999999999903
293,Health and fitness,269,0.9999999999999993
294,Health and fitness,270,1.0000000000000033
319,Java Developer,333,1.0
320,Java Developer,334,1.0000000000000044
321,Java Developer,335,0.9999999999999977
322,Java Developer,336,1.0000000000000004
323,Java Developer,337,0.9999999999999977
324,Java Developer,338,1.0000000000000002
325,Java Developer,326,0.9999999999999951
326,Java Developer,325,0.9999999999999951
327,Java Developer,341,1.0000000000000002
328,Java Developer,342,0.9999999999999997
329,Java Developer,343,1.0
330,Java Developer,344,0.9999999999999998
331,Java Developer,345,1.0000000000000033
332,Java Developer,346,1.0000000000000018
333,Java Developer,319,1.0
334,Java Developer,320,1.0000000000000044
335,Java Developer,321,0.9999999999999977
336,Java Developer,322,1.0000000000000004
337,Java Developer,323,0.9999999999999977
338,Java Developer,324,1.0000000000000002
339,Java Developer,325,0.9999999999999951
340,Java Developer,325,0.9999999999999951
341,Java Developer,327,1.0000000000000002
342,Java Developer,328,0.9999999999999997
343,Java Developer,329,1.0
344,Java Developer,330,0.9999999999999998
345,Java Developer,331,1.0000000000000033
346,Java Developer,332,1.0000000000000018
347,Java Developer,319,1.0
348,Java Developer,320,1.0000000000000044
349,Java Developer,321,0.9999999999999977
350,Java Developer,322,1.0000000000000004
351,Java Developer,323,0.9999999999999977
352,Java Developer,324,1.0000000000000002
353,Java Developer,325,0.9999999999999951
354,Java Developer,325,0.9999999999999951
355,Java Developer,327,1.0000000000000002
356,Java Developer,328,0.9999999999999997
357,Java Developer,329,1.0
358,Java Developer,330,0.9999999999999998
359,Java Developer,331,1.0000000000000033
360,Java Developer,332,1.0000000000000018
361,Java Developer,319,1.0
362,Java Developer,320,1.0000000000000044
363,Java Developer,321,0.9999999999999977
364,Java Developer,322,1.0000000000000004
365,Java Developer,323,0.9999999999999977
366,Java Developer,324,1.0000000000000002
367,Java Developer,325,0.9999999999999951
368,Java Developer,325,0.9999999999999951
369,Java Developer,327,1.0000000000000002
370,Java Developer,328,0.9999999999999997
371,Java Developer,329,1.0
372,Java Developer,330,0.9999999999999998
373,Java Developer,331,1.0000000000000033
374,Java Developer,332,1.0000000000000018
375,Java Developer,319,1.0
376,Java Developer,320,1.0000000000000044
377,Java Developer,321,0.9999999999999977
378,Java Developer,322,1.0000000000000004
379,Java Developer,323,0.9999999999999977
380,Java Developer,324,1.0000000000000002
381,Java Developer,325,0.9999999999999951
382,Java Developer,325,0.9999999999999951
383,Java Developer,327,1.0000000000000002
384,Java Developer,328,0.9999999999999997
385,Java Developer,329,1.0
386,Java Developer,330,0.9999999999999998
387,Java Developer,331,1.0000000000000033
388,Java Developer,332,1.0000000000000018
389,Java Developer,319,1.0
390,Java Developer,320,1.0000000000000044
391,Java Developer,321,0.9999999999999977
392,Java Developer,322,1.0000000000000004
393,Java Developer,323,0.9999999999999977
394,Java Developer,324,1.0000000000000002
395,Java Developer,325,0.9999999999999951
396,Java Developer,325,0.9999999999999951
397,Java Developer,327,1.0000000000000002
398,Java Developer,328,0.9999999999999997
399,Java Developer,329,1.0
400,Java Developer,330,0.9999999999999998
401,Java Developer,331,1.0000000000000033
402,Java Developer,332,1.0000000000000018
185,Mechanical Engineer,190,0.999999999999991
186,Mechanical Engineer,191,1.0000000000000013
187,Mechanical Engineer,192,1.0000000000000007
188,Mechanical Engineer,193,0.9999999999999999
189,Mechanical Engineer,194,1.0
190,Mechanical Engineer,185,0.999999999999991
191,Mechanical Engineer,186,1.0000000000000013
192,Mechanical Engineer,187,1.0000000000000007
193,Mechanical Engineer,188,0.9999999999999999
194,Mechanical Engineer,189,1.0
195,Mechanical Engineer,185,0.999999999999991
196,Mechanical Engineer,186,1.0000000000000013
197,Mechanical Engineer,187,1.0000000000000007
198,Mechanical Engineer,188,0.9999999999999999
199,Mechanical Engineer,189,1.0
200,Mechanical Engineer,185,0.999999999999991
201,Mechanical Engineer,186,1.0000000000000013
202,Mechanical Engineer,187,1.0000000000000007
203,Mechanical Engineer,188,0.9999999999999999
204,Mechanical Engineer,189,1.0
205,Mechanical Engineer,185,0.999999999999991
206,Mechanical Engineer,186,1.0000000000000013
207,Mechanical Engineer,187,1.0000000000000007
208,Mechanical Engineer,188,0.9999999999999999
209,Mechanical Engineer,189,1.0
210,Mechanical Engineer,185,0.999999999999991
211,Mechanical Engineer,186,1.0000000000000013
212,Mechanical Engineer,187,1.0000000000000007
213,Mechanical Engineer,188,0.9999999999999999
214,Mechanical Engineer,189,1.0
215,Mechanical Engineer,185,0.999999999999991
216,Mechanical Engineer,186,1.0000000000000013
217,Mechanical Engineer,187,1.0000000000000007
218,Mechanical Engineer,188,0.9999999999999999
219,Mechanical Engineer,189,1.0
220,Mechanical Engineer,185,0.999999999999991
221,Mechanical Engineer,186,1.0000000000000013
222,Mechanical Engineer,187,1.0000000000000007
223,Mechanical Engineer,188,0.9999999999999999
224,Mechanical Engineer,189,1.0
654,Network Security Engineer,659,1.0000000000000038
655,Network Security Engineer,660,0.9999999999999807
656,Network Security Engineer,661,1.000000000000005
657,Network Security Engineer,662,1.000000000000004
658,Network Security Engineer,663,1.0000000000000027
659,Network Security Engineer,654,1.0000000000000038
660,Network Security Engineer,655,0.9999999999999807
661,Network Security Engineer,656,1.000000000000005
662,Network Security Engineer,657,1.000000000000004
663,Network Security Engineer,658,1.0000000000000027
664,Network Security Engineer,654,1.0000000000000038
665,Network Security Engineer,655,0.9999999999999807
666,Network Security Engineer,656,1.000000000000005
667,Network Security Engineer,657,1.000000000000004
668,Network Security Engineer,658,1.0000000000000027
669,Network Security Engineer,654,1.0000000000000038
670,Network Security Engineer,655,0.9999999999999807
671,Network Security Engineer,656,1.000000000000005
672,Network Security Engineer,657,1.000000000000004
673,Network Security Engineer,658,1.0000000000000027
674,Network Security Engineer,654,1.0000000000000038
675,Network Security Engineer,655,0.9999999999999807
676,Network Security Engineer,656,1.000000000000005
677,Network Security Engineer,657,1.000000000000004
678,Network Security Engineer,658,1.0000000000000027
511,Operations Manager,515,1.0000000000000113
512,Operations Manager,516,0.999999999999964
513,Operations Manager,517,1.0000000000000182
514,Operations Manager,518,0.999999999999997
515,Operations Manager,511,1.0000000000000113
516,Operations Manager,512,0.999999999999964
517,Operations Manager,513,1.0000000000000182
518,Operations Manager,514,0.999999999999997
519,Operations Manager,511,1.0000000000000113
520,Operations Manager,512,0.999999999999964
521,Operations Manager,513,1.0000000000000182
522,Operations Manager,514,0.999999999999997
523,Operations Manager,511,1.0000000000000113
524,Operations Manager,512,0.999999999999964
525,Operations Manager,513,1.0000000000000182
526,Operations Manager,514,0.999999999999997
527,Operations Manager,511,1.0000000000000113
528,Operations Manager,512,0.999999999999964
529,Operations Manager,513,1.0000000000000182
530,Operations Manager,514,0.999999999999997
531,Operations Manager,511,1.0000000000000113
532,Operations Manager,512,0.999999999999964
533,Operations Manager,513,1.0000000000000182
534,Operations Manager,514,0.999999999999997
535,Operations Manager,511,1.0000000000000113
536,Operations Manager,512,0.999999999999964
537,Operations Manager,513,1.0000000000000182
538,Operations Manager,514,0.999999999999997
539,Operations Manager,511,1.0000000000000113
540,Operations Manager,512,0.999999999999964
541,Operations Manager,513,1.0000000000000182
542,Operations Manager,514,0.999999999999997
543,Operations Manager,511,1.0000000000000113
544,Operations Manager,512,0.999999999999964
545,Operations Manager,513,1.0000000000000182
546,Operations Manager,514,0.999999999999997
547,Operations Manager,511,1.0000000000000113
548,Operations Manager,512,0.999999999999964
549,Operations Manager,513,1.0000000000000182
550,Operations Manager,514,0.999999999999997
679,PMO,682,1.0000000000000024
680,PMO,683,1.00000000000001
681,PMO,684,0.999999999999999
682,PMO,679,1.0000000000000024
683,PMO,680,1.00000000000001
684,PMO,681,0.999999999999999
685,PMO,679,1.0000000000000024
686,PMO,680,1.00000000000001
687,PMO,681,0.999999999999999
688,PMO,679,1.0000000000000024
689,PMO,680,1.00000000000001
690,PMO,681,0.999999999999999
691,PMO,679,1.0000000000000024
692,PMO,680,1.00000000000001
693,PMO,681,0.999999999999999
694,PMO,679,1.0000000000000024
695,PMO,680,1.00000000000001
696,PMO,681,0.999999999999999
697,PMO,679,1.0000000000000024
698,PMO,680,1.00000000000001
699,PMO,681,0.999999999999999
700,PMO,679,1.0000000000000024
701,PMO,680,1.00000000000001
702,PMO,681,0.999999999999999
703,PMO,679,1.0000000000000024
704,PMO,680,1.00000000000001
705,PMO,681,0.999999999999999
706,PMO,679,1.0000000000000024
707,PMO,680,1.00000000000001
708,PMO,681,0.999999999999999
551,Python Developer,557,1.0000000000000147
552,Python Developer,558,0.9999999999999972
553,Python Developer,559,1.0000000000000022
554,Python Developer,560,0.9999999999999996
555,Python Developer,561,0.9999999999999996
556,Python Developer,562,1.000000000000001
557,Python Developer,551,1.0000000000000147
558,Python Developer,552,0.9999999999999972
559,Python Developer,553,1.0000000000000022
560,Python Developer,554,0.9999999999999996
561,Python Developer,555,0.9999999999999996
562,Python Developer,556,1.000000000000001
563,Python Developer,551,1.0000000000000147
564,Python Developer,552,0.9999999999999972
565,Python Developer,553,1.0000000000000022
566,Python Developer,554,0.9999999999999996
567,Python Developer,555,0.9999999999999996
568,Python Developer,556,1.000000000000001
569,Python Developer,551,1.0000000000000147
570,Python Developer,552,0.9999999999999972
571,Python Developer,553,1.0000000000000022
572,Python Developer,554,0.9999999999999996
573,Python Developer,555,0.9999999999999996
574,Python Developer,556,1.000000000000001
575,Python Developer,551,1.0000000000000147
576,Python Developer,552,0.9999999999999972
577,Python Developer,553,1.0000000000000022
578,Python Developer,554,0.9999999999999996
579,Python Developer,555,0.9999999999999996
580,Python Developer,556,1.000000000000001
581,Python Developer,551,1.0000000000000147
582,Python Developer,552,0.9999999999999972
583,Python Developer,553,1.0000000000000022
584,Python Developer,554,0.9999999999999996
585,Python Developer,555,0.9999999999999996
586,Python Developer,556,1.000000000000001
587,Python Developer,551,1.0000000000000147
588,Python Developer,552,0.9999999999999972
589,Python Developer,553,1.0000000000000022
590,Python Developer,554,0.9999999999999996
591,Python Developer,555,0.9999999999999996
592,Python Developer,556,1.000000000000001
593,Python Developer,551,1.0000000000000147
594,Python Developer,552,0.9999999999999972
595,Python Developer,553,1.0000000000000022
596,Python Developer,554,0.9999999999999996
597,Python Developer,555,0.9999999999999996
598,Python Developer,556,1.000000000000001
431,SAP Developer,437,1.0000000000000009
432,SAP Developer,438,0.9999999999999918
433,SAP Developer,439,1.0000000000000016
434,SAP Developer,440,0.999999999999999
435,SAP Developer,441,0.9999999999999981
436,SAP Developer,442,1.0
437,SAP Developer,431,1.0000000000000009
438,SAP Developer,432,0.9999999999999918
439,SAP Developer,433,1.0000000000000016
440,SAP Developer,434,0.999999999999999
441,SAP Developer,435,0.9999999999999981
442,SAP Developer,436,1.0
443,SAP Developer,431,1.0000000000000009
444,SAP Developer,432,0.9999999999999918
445,SAP Developer,433,1.0000000000000016
446,SAP Developer,434,0.999999999999999
447,SAP Developer,435,0.9999999999999981
448,SAP Developer,436,1.0
449,SAP Developer,431,1.0000000000000009
450,SAP Developer,432,0.9999999999999918
451,SAP Developer,433,1.0000000000000016
452,SAP Developer,434,0.999999999999999
453,SAP Developer,435,0.9999999999999981
454,SAP Developer,436,1.0
225,Sales,230,0.9999999999999969
226,Sales,231,1.0000000000000016
227,Sales,232,0.9999999999999873
228,Sales,233,1.0000000000000022
229,Sales,234,0.9999999999999956
230,Sales,225,0.9999999999999969
231,Sales,226,1.0000000000000016
232,Sales,227,0.9999999999999873
233,Sales,228,1.0000000000000022
234,Sales,229,0.9999999999999956
235,Sales,225,0.9999999999999969
236,Sales,226,1.0000000000000016
237,Sales,227,0.9999999999999873
238,Sales,228,1.0000000000000022
239,Sales,229,0.9999999999999956
240,Sales,225,0.9999999999999969
241,Sales,226,1.0000000000000016
242,Sales,227,0.9999999999999873
243,Sales,228,1.0000000000000022
244,Sales,229,0.9999999999999956
245,Sales,225,0.9999999999999969
246,Sales,226,1.0000000000000016
247,Sales,227,0.9999999999999873
248,Sales,228,1.0000000000000022
249,Sales,229,0.9999999999999956
250,Sales,225,0.9999999999999969
251,Sales,226,1.0000000000000016
252,Sales,227,0.9999999999999873
253,Sales,228,1.0000000000000022
254,Sales,229,0.9999999999999956
255,Sales,225,0.9999999999999969
256,Sales,226,1.0000000000000016
257,Sales,227,0.9999999999999873
258,Sales,228,1.0000000000000022
259,Sales,229,0.9999999999999956
260,Sales,225,0.9999999999999969
261,Sales,226,1.0000000000000016
262,Sales,227,0.9999999999999873
263,Sales,228,1.0000000000000022
264,Sales,229,0.9999999999999956
892,Testing,899,0.9999999999999974
893,Testing,900,1.0000000000000009
894,Testing,901,0.9999999999999983
895,Testing,902,0.9999999999999962
896,Testing,903,1.0000000000000127
897,Testing,904,1.0000000000000002
898,Testing,905,1.0
899,Testing,892,0.9999999999999974
900,Testing,893,1.0000000000000009
901,Testing,894,0.9999999999999983
902,Testing,895,0.9999999999999962
903,Testing,896,1.0000000000000127
904,Testing,897,1.0000000000000002
905,Testing,898,1.0
906,Testing,892,0.9999999999999974
907,Testing,893,1.0000000000000009
908,Testing,894,0.9999999999999983
909,Testing,895,0.9999999999999962
910,Testing,896,1.0000000000000127
911,Testing,897,1.0000000000000002
912,Testing,898,1.0
913,Testing,892,0.9999999999999974
914,Testing,893,1.0000000000000009
915,Testing,894,0.9999999999999983
916,Testing,895,0.9999999999999962
917,Testing,896,1.0000000000000127
918,Testing,897,1.0000000000000002
919,Testing,898,1.0
920,Testing,892,0.9999999999999974
921,Testing,893,1.0000000000000009
922,Testing,894,0.9999999999999983
923,Testing,895,0.9999999999999962
924,Testing,896,1.0000000000000127
925,Testing,897,1.0000000000000002
926,Testing,898,1.0
927,Testing,892,0.9999999999999974
928,Testing,893,1.0000000000000009
929,Testing,894,0.9999999999999983
930,Testing,895,0.9999999999999962
931,Testing,896,1.0000000000000127
932,Testing,897,1.0000000000000002
933,Testing,898,1.0
934,Testing,892,0.9999999999999974
935,Testing,893,1.0000000000000009
936,Testing,894,0.9999999999999983
937,Testing,895,0.9999999999999962
938,Testing,896,1.0000000000000127
939,Testing,897,1.0000000000000002
940,Testing,898,1.0
941,Testing,892,0.9999999999999974
942,Testing,893,1.0000000000000009
943,Testing,894,0.9999999999999983
944,Testing,895,0.9999999999999962
945,Testing,896,1.0000000000000127
946,Testing,897,1.0000000000000002
947,Testing,898,1.0
948,Testing,892,0.9999999999999974
949,Testing,893,1.0000000000000009
950,Testing,894,0.9999999999999983
951,Testing,895,0.9999999999999962
952,Testing,896,1.0000000000000127
953,Testing,897,1.0000000000000002
954,Testing,898,1.0
955,Testing,892,0.9999999999999974
956,Testing,893,1.0000000000000009
957,Testing,894,0.9999999999999983
958,Testing,895,0.9999999999999962
959,Testing,896,1.0000000000000127
960,Testing,897,1.0000000000000002
961,Testing,898,1.0
140,Web Designing,142,1.0000000000000002
141,Web Designing,146,0.9999999999999999
142,Web Designing,140,1.0000000000000002
143,Web Designing,148,1.000000000000001
144,Web Designing,149,0.9999999999999838
145,Web Designing,140,1.0000000000000002
146,Web Designing,141,0.9999999999999999
147,Web Designing,140,1.0000000000000002
148,Web Designing,143,1.000000000000001
149,Web Designing,144,0.9999999999999838
150,Web Designing,140,1.0000000000000002
151,Web Designing,141,0.9999999999999999
152,Web Designing,140,1.0000000000000002
153,Web Designing,143,1.000000000000001
154,Web Designing,144,0.9999999999999838
155,Web Designing,140,1.0000000000000002
156,Web Designing,141,0.9999999999999999
157,Web Designing,140,1.0000000000000002
158,Web Designing,143,1.000000000000001
159,Web Designing,144,0.9999999999999838
160,Web Designing,140,1.0000000000000002
161,Web Designing,141,0.9999999999999999
162,Web Designing,140,1.0000000000000002
163,Web Designing,143,1.000000000000001
164,Web Designing,144,0.9999999999999838
165,Web Designing,140,1.0000000000000002
166,Web Designing,141,0.9999999999999999
167,Web Designing,140,1.0000000000000002
168,Web Designing,143,1.000000000000001
169,Web Designing,144,0.9999999999999838
170,Web Designing,140,1.0000000000000002
171,Web Designing,141,0.9999999999999999
172,Web Designing,140,1.0000000000000002
173,Web Designing,143,1.000000000000001
174,Web Designing,144,0.9999999999999838
175,Web Designing,140,1.0000000000000002
176,Web Designing,141,0.9999999999999999
177,Web Designing,140,1.0000000000000002
178,Web Designing,143,1.000000000000001
179,Web Designing,144,0.9999999999999838
180,Web Designing,140,1.0000000000000002
181,Web Designing,141,0.9999999999999999
182,Web Designing,140,1.0000000000000002
183,Web Designing,143,1.000000000000001
184,Web Designing,144,0.9999999999999838
